id,name,category,confidence,is_sendable,row_count,last_modified,folder_path
0d5da18e-9a1b-f011-ba73-d4f5ef3de4c9,0415 0416 - ATC_General_Thank_You_Send_v2 ARCHIVE,BACKUP,HIGH,True,25170,2025-04-17,
13d3157f-e17c-ef11-ba5c-d4f5ef3de497,AW Daily Archive -- DTC_Tire_Rotation_Reminder_Send,BACKUP,HIGH,True,56903,2024-09-27,
d7f5abbd-1032-e811-9733-38eaa7150229,DTC Tire Product List 3-27-2018 Backup,BACKUP,HIGH,False,18074,2018-03-27,
0ed27217-a2e0-ee11-ba52-d4f5ef3de439,DTC Tire Product List Backup,BACKUP,HIGH,False,36328,2024-03-12,
440e101e-ef05-ee11-ba4a-d4f5ef3de4e7,DTC Tire Product List_Backup_asof_06072023,BACKUP,HIGH,False,32936,2023-06-08,
db5b8a29-d5ff-e711-ba86-38eaa7158951,DTCATCAPIActivityLog_archive_v1,BACKUP,HIGH,True,0,2018-01-24,
0f2febfb-f33a-e211-8b8e-3c4a92e57a48,DTC_Subscriber_Vehicles_Backup,BACKUP,HIGH,True,0,2012-11-30,
b4780c26-ddef-e711-ba86-38eaa7158951,DT_Transaction_DE_archived,BACKUP,HIGH,False,0,2018-03-05,
f3b2a247-dfce-f011-a5ad-5cba2c7c7ee0,FILTER-Tire_Review_Journey_Audience_Archive,BACKUP,HIGH,True,0,2025-12-01,
1e5d63e7-1ea9-f011-a5ad-5cba2c7c7ee0,tim_backup_DTC_Sponsor_Upload,BACKUP,HIGH,False,388,2025-10-14,
387de0dd-834d-e311-abbe-3c4a92e57a48,0000ettest,TEST,HIGH,False,0,2013-11-14,
48891520-2fef-e611-b60f-38eaa7158a0d,APRS-Test,TEST,HIGH,True,0,2017-02-09,
f0f12004-9141-e711-9dde-38eaa7158951,AT Root Test,TEST,HIGH,False,0,2017-05-25,
f299b06a-9edf-ed11-ba42-d4f5ef3de438,ATC_DTC_General_Thank_You_Send_RaiseError_TEST,TEST,HIGH,True,4,2023-04-20,
583c9e40-be2e-e711-9dde-38eaa7158951,Air_Pressure_reminder_tests,TEST,HIGH,True,1,2017-05-01,
b6fd8d80-3fa5-e611-b60f-38eaa7158a0d,Appointment Confirmation SFMC Only Test Data,TEST,HIGH,True,0,2016-11-07,
2ebe95ad-00ad-e611-b60f-38eaa7158a0d,Appointment SFMC Test Data - B3,TEST,HIGH,True,1,2016-11-17,
53e5d81b-f0d0-e911-a2db-1402ec7a5ea5,AppointmentReminders-Testing,TEST,HIGH,True,0,2019-09-06,
117c3c2f-8824-e711-9dde-38eaa7158951,AptRemindersTesting,TEST,HIGH,True,0,2017-04-18,
71abb449-3da1-ef11-ba5e-d4f5ef3de439,COS 05 Import Records - TESTING DATA,TEST,HIGH,False,407,2024-11-12,
4b1be502-d1fd-e511-93b1-38eaa7150229,Created From TSD Test,TEST,HIGH,True,0,2016-04-08,
d8391346-d6a0-e411-b2ff-38eaa7158951,DTC Marketing Dynamic Pref Center Testing,TEST,HIGH,True,8,2015-01-20,
fa1c6723-904a-ed11-ba3f-d4f5ef3de4c9,DTC Phone Test Data 10-11-2022,TEST,HIGH,False,1,2022-10-12,
6046c650-5cfa-ed11-ba4a-d4f5ef3de4e7,DTC Testers Contact Delete 5-24-2023,TEST,HIGH,False,74,2023-05-24,
f4e2d724-45c9-eb11-a2fd-48df370a0a45,DTC_PrefCenter_TEST,TEST,HIGH,True,2,2021-06-09,
fcd8333a-3542-f011-a5ae-5cba2c7d39f0,DTC_Promo_Subscriber - adriana self test,TEST,HIGH,True,1,2025-06-05,
08473d13-72d4-e711-8fba-38eaa7158569,DTC_Reporting_Sale_Amount_Test,TEST,HIGH,False,0,2017-11-28,
ce5fd204-05ad-e611-b60f-38eaa7158a0d,DTC_Sub_Vehicles_test,TEST,HIGH,True,1,2016-11-17,
1245c032-822f-e211-8b8e-3c4a92e57a48,DTC_Subscriber_Vehicles_Test,TEST,HIGH,True,0,2012-11-28,
61b75588-1771-e411-b2ff-38eaa7158951,DTC_Subscriber_Vehicles_test2,TEST,HIGH,True,5,2015-05-15,
de5c0f27-45fb-e411-ac26-38eaa7158569,DTC_Subscriber_Vehicles_testing,TEST,HIGH,True,0,2015-05-15,
81baef1b-4cfb-e411-ac26-38eaa7158569,DTC_Subscriber_Vehicles_testing3,TEST,HIGH,True,5,2015-05-15,
743b7836-5aae-ee11-ba51-d4f5ef3de496,DTD_Invoice_AWTEST_0108,TEST,HIGH,True,41,2024-01-08,
a5e857d7-381c-ea11-a2dc-1402ec936990,DT_Cert_Journey_Audience_test,TEST,HIGH,True,10000,2019-12-11,
fb62d5dc-5058-f011-a5ae-5cba2c7d39f0,DT_Thank_You_SMS_Sends_TESTING,TEST,HIGH,False,0,2025-07-17,
4bf17d57-c4bd-e711-8fba-38eaa7158569,DT_Transactions_DE_testing,TEST,HIGH,False,0,2017-10-30,
21eb7439-e3c0-e311-abbe-3c4a92e57a48,Email_Testing_AT,TEST,HIGH,True,9,2014-04-10,
534843a0-1677-e311-abbe-3c4a92e57a48,Email_Testing_DT,TEST,HIGH,True,9,2014-04-10,
6e3c0cad-f5c0-e311-abbe-3c4a92e57a48,Email_Testing_DTD,TEST,HIGH,True,9,2014-04-10,
d0c99ff5-033a-e511-b2ff-38eaa7158951,Filtertest 8-3-2015,TEST,HIGH,True,2335,2015-08-03,
c65eb3be-34ca-e711-8fba-38eaa7158569,General_Thank_You_Send_v2-testing,TEST,HIGH,True,0,2017-11-15,
fe9883df-ebea-ef11-ba73-d4f5ef3de4c9,Kendra Promo Test,TEST,HIGH,True,8,2025-02-14,
387f495a-9f82-eb11-a2f5-48df3709f175,LRTEST_OrderConfirmation_v3,TEST,HIGH,True,60,2021-03-11,
dc4fcbf9-61b1-ed11-ba42-d4f5ef3de438,LR_OrderConfirmation_TEST_2023,TEST,HIGH,True,1,2023-02-20,
edba2310-d598-ec11-ba31-d4f5ef3de4e6,LR_Pref_TEST_DE,TEST,HIGH,True,5,2022-02-28,
41a613a2-a5d6-ea11-a2e7-48df3709f175,LR_TEST_ALL_SCENARIOS_DO_NOT_UPDATE_FILTER,TEST,HIGH,True,102,2020-08-27,
e309bd06-5c99-eb11-a2fe-1402ec7a5ea5,LR_TEST_Product In Stock_MockRecords,TEST,HIGH,True,2,2021-04-09,
0835f6fc-8298-eb11-a2fe-1402ec7a5ea5,LR_TEST_VTV_AirCheck_DE,TEST,HIGH,True,5,2021-04-08,
2fb6f31b-88f3-ea11-a2ea-48df370a0a45,LR_Test_Sunbit,TEST,HIGH,True,38,2020-09-10,
bd24fa22-76e8-ea11-a2ea-48df370a0a45,LR_test_v2,TEST,HIGH,True,0,2020-08-27,
4b088b41-85a0-e611-b60f-38eaa7158a0d,Order Confirmation Test Data,TEST,HIGH,True,0,2018-05-15,
52121763-2263-ea11-a2e2-1402ec936991,Prod Review v1-1 Testing,TEST,HIGH,True,5,2020-03-10,
d6ed6469-aade-e611-b60f-38eaa7158a0d,ProdReviewTest,TEST,HIGH,True,1,2017-01-19,
90e2f573-c317-ea11-a2dc-1402ec936990,Product Review Send Testing,TEST,HIGH,True,0,2019-12-05,
d3dc2910-034a-e611-93b1-38eaa7150229,StoreReview-testing,TEST,HIGH,True,0,2016-07-14,
20da50bb-f0f9-eb11-a301-1402ec936991,StoreReviewResponse test,TEST,HIGH,False,26780,2021-08-10,
f50f3cc9-31ef-f011-a5ad-5cba2c7c7ee0,TEST NEW QUERY,TEST,HIGH,False,0,2026-01-11,
63c27b13-4232-e511-b2ff-38eaa7158951,TEST-07-24-2015,TEST,HIGH,True,3,2015-07-24,
56b48576-d8f7-f011-a5ad-5cba2c7c7ee0,TEST-schema-DTC_Customer_Activity_Log,TEST,HIGH,True,6,2026-01-22,
771119cb-c137-ee11-ba4a-d4f5ef3de438,TEST_AW_TEST_BOPIS_Order_Cancellation,TEST,HIGH,True,6,2023-08-10,
c6e2c265-3b1f-ee11-ba4a-d4f5ef3de438,TEST_OMS_BOPIS_Order_Arrival,TEST,HIGH,True,2,2023-07-10,
81fddfb6-7b18-ef11-ba57-d4f5ef3de4e6,TEST_Tire_Review_Journey_Audience,TEST,HIGH,True,5,2024-05-22,
a1a2925c-d956-ec11-ba2a-d4f5ef3de4c9,Test,TEST,HIGH,True,0,2021-12-06,
4c5b231a-68f1-f011-a5ad-5cba2c7c7ee0,TestSend-CNS,TEST,HIGH,True,4,2026-01-14,
de4604ed-6717-ea11-a2dc-1402ec936990,Test_ProductReview,TEST,HIGH,True,0,2019-12-05,
5fcb36e8-21b6-ee11-ba51-d4f5ef3de496,Thank You Email Audience test,TEST,HIGH,True,31144,2024-01-18,
51ccdda0-4a58-e611-93b1-38eaa7150229,UnSub Testing DE,TEST,HIGH,True,1,2016-08-01,
1e622638-a4e9-e611-b60f-38eaa7158a0d,Unengaged Test DE,TEST,HIGH,True,0,2017-02-02,
9b911245-4943-ed11-ba3f-d4f5ef3de4c9,VTV SMS Journey Entry Testing 9003416312,TEST,HIGH,False,1,2022-10-03,
718043f7-e07a-eb11-a2f5-48df3709f175,WTE_XML_TEST,TEST,HIGH,False,1,2021-03-01,
4bc30b6a-e074-ee11-ba57-d4f5ef3de4c9,Welcome_Test_DTC_Subscriber_Vehicles,TEST,HIGH,True,10,2023-10-27,
d65c12b2-80ab-f011-a5ad-5cba2c7c7ee0,a_TEST_TIM_ATC_Promo_Subscriber,TEST,HIGH,True,0,2025-10-17,
eb5c12b2-80ab-f011-a5ad-5cba2c7c7ee0,a_TEST_TIM_ATC_welcome_subscriptions,TEST,HIGH,True,0,2025-10-17,
d85c12b2-80ab-f011-a5ad-5cba2c7c7ee0,a_TEST_TIM_DTC_Promo_Subscriber,TEST,HIGH,True,0,2025-10-17,
de5c12b2-80ab-f011-a5ad-5cba2c7c7ee0,a_TEST_TIM_DTC_Subscriber_Vehicles,TEST,HIGH,True,0,2025-10-17,
ea5c12b2-80ab-f011-a5ad-5cba2c7c7ee0,a_TEST_TIM_DTC_welcome_subscriptions,TEST,HIGH,True,0,2025-10-17,
dd5c12b2-80ab-f011-a5ad-5cba2c7c7ee0,a_TEST_TIM_DT_AT_Promo_Subscriber_Staging,TEST,HIGH,False,0,2025-10-17,
ed8bfe10-f0fb-ed11-ba4a-d4f5ef3de4e7,at_test_memorialday_send,TEST,HIGH,True,0,2023-05-26,
3723446a-1630-e311-abbe-3c4a92e57a48,email_lookup_test,TEST,HIGH,False,0,2013-10-08,
b99db7e1-2d32-e511-b2ff-38eaa7158951,email_tracking_test_v2,TEST,HIGH,False,1,2015-07-24,
e13c33de-48de-e411-b2ff-38eaa7158951,nolan-filter-test,TEST,HIGH,True,1,2015-04-08,
13ed497c-4552-ee11-ba57-d4f5ef3de4c9,promo_email_test_nextactiv,TEST,HIGH,True,4,2023-09-13,
3074da90-2a3f-e711-9dde-38eaa7158951,test_thank_you_send,TEST,HIGH,True,10,2017-05-22,
2b47ce6e-eb11-ea11-a2e1-1402ec7a5ea4,testing-bjohnsen,TEST,HIGH,True,4,2019-11-28,
4d611381-e4a9-eb11-a2fa-1402ec936990,tmpOpenDE_Test,TEST,HIGH,False,0,2021-04-30,
c7f30e85-592f-ef11-ba57-d4f5ef3de4e6,ztest-nmaratas-sendable,TEST,HIGH,True,2,2024-06-20,
3fd3b579-00e0-e511-93b1-38eaa7150229,zz_TEST_NM,TEST,HIGH,False,104,2016-03-01,
d582ae98-f9e1-e811-a2c3-48df370a0a45,11-2 TY sendable,VERY_OLD,MEDIUM,True,3298,2018-11-06,
723df398-e0a1-e611-b60f-38eaa7158a0d,1@1.com,VERY_OLD,MEDIUM,False,0,2016-11-03,
30ea8c31-779a-ec11-ba31-d4f5ef3de4e6,AT No Survey Data,VERY_OLD,MEDIUM,True,0,2022-03-02,
1f5bbd5a-071f-e911-a2c8-48df3709f175,AT TY 01-17-2019 Sendable,VERY_OLD,MEDIUM,True,2205,2019-01-23,
a5ee5cbf-619a-ec11-ba31-d4f5ef3de4e6,AT TY Catch Up 3-2-2022,VERY_OLD,MEDIUM,True,19209,2022-03-02,
3912c758-051f-e911-a2c8-48df3709f175,AT TY Catchup 01-17-2019,VERY_OLD,MEDIUM,True,4056,2019-01-23,
2e436a69-f765-e811-b0f1-38eaa7158951,AT TY URL Empty 6-1,VERY_OLD,MEDIUM,True,0,2018-06-01,
955c2755-7cdc-e811-a2c3-48df370a0a45,AT Thank You 10-29-2018 Catchup,VERY_OLD,MEDIUM,True,758,2018-10-30,
3488bde7-fefa-e711-ba86-38eaa7158951,ATC 5_32 Tread Sent Last 3 Days,VERY_OLD,MEDIUM,True,0,2018-01-16,
d4866762-7a2e-ea11-a2dc-1402ec936990,ATC Stores Filtered,VERY_OLD,MEDIUM,False,122,2020-01-03,
1718c7c6-e8f6-e711-ba86-38eaa7158951,ATC Subscriber Rotation Sent Last 7 Days,VERY_OLD,MEDIUM,True,67411,2018-01-11,
883ab80f-7238-e811-9733-38eaa7150229,ATC-4-2-Import-Data,VERY_OLD,MEDIUM,False,21019,2018-04-04,
070afc58-227e-e811-a2c1-1402ec936991,ATC_General_TY_All,VERY_OLD,MEDIUM,True,3712,2018-07-02,
c94ce59b-2d7e-e811-a2c1-1402ec936991,ATC_General_TY_No_Survey,VERY_OLD,MEDIUM,True,684,2018-07-02,
bb591080-f3ad-e711-8fba-38eaa7158569,ATC_General_TY_Send_Import_validation,VERY_OLD,MEDIUM,True,4194,2017-10-10,
ba5d8c08-3011-e511-b2ff-38eaa7158951,ATC_General_Thank_You_Send - 20150612_122244,VERY_OLD,MEDIUM,True,0,2015-06-12,
8f027ad6-3989-e811-a2c1-1402ec936991,ATC_General_Thank_You_Send_20180716B,VERY_OLD,MEDIUM,True,2174,2018-07-16,
d261be33-cc8d-e711-8fba-38eaa7158569,ATC_General_Thank_You_Send_Filtered,VERY_OLD,MEDIUM,True,3961,2017-09-07,
1077ab92-3a89-e811-a2c1-1402ec936991,ATC_General_Thank_You_Send_v2_20180716Br,VERY_OLD,MEDIUM,True,3668,2018-07-16,
5f671770-3d89-e811-a2c1-1402ec936991,ATC_General_Thank_You_Send_v2_20180716_SendingDE,VERY_OLD,MEDIUM,True,2174,2018-07-16,
f555a0df-6538-e811-9733-38eaa7150229,ATC_General_Thank_You_Send_v2_catchup_3-31-4-1-2018,VERY_OLD,MEDIUM,True,6904,2018-04-04,
5c707618-ff38-e811-9733-38eaa7150229,ATC_General_Thank_You_Send_v2_catchup_3-31-4-1-2018_Survey_Not_Null,VERY_OLD,MEDIUM,True,4799,2018-04-05,
459d37ee-5b64-e811-b0f1-38eaa7158951,ATC_General_Thank_You_Sends_5_25_2018_makeup_send,VERY_OLD,MEDIUM,True,3599,2018-05-30,
b2828275-d665-e811-b0f1-38eaa7158951,ATC_General_Thank_You_Sends_5_26_2018_Transactions,VERY_OLD,MEDIUM,True,4983,2018-06-01,
6ad1fcdf-e785-e811-a2c1-1402ec936991,AT_TY_Catch_Up_with_URLs,VERY_OLD,MEDIUM,True,12698,2018-07-12,
0b4989d7-b286-e811-a2c1-1402ec936991,AT_TY_with_populated_URLs,VERY_OLD,MEDIUM,True,5190,2018-07-13,
fd3e9a6a-b4bf-e911-a2db-1402ec7a5ea5,Activity Log bernadouDOTjohnsenATgmailDOTcom,VERY_OLD,MEDIUM,True,1,2019-08-15,
fd33499a-7afd-e811-a2c4-1402ec936991,All Contacts to Delete,VERY_OLD,MEDIUM,True,0,2018-12-11,
91ce6182-f9db-e911-a2d4-1402ec936991,Appointment Confirmation,VERY_OLD,MEDIUM,True,0,2019-09-20,
7fba8375-23bf-eb11-a2fd-48df370a0a45,Appointment Reminders Exclusion List,VERY_OLD,MEDIUM,False,11,2021-05-27,
721bd6a0-f9db-e911-a2d4-1402ec936991,Appointment Reminders-copy from ATC,VERY_OLD,MEDIUM,True,0,2019-09-20,
1d61eb36-afb1-e611-b60f-38eaa7158a0d,BF-DTC-ATC-2015-Qualifying-Purchases,VERY_OLD,MEDIUM,True,31812,2016-11-23,
9f9a0255-afb1-e611-b60f-38eaa7158a0d,BF-DTC-ATC-2016-Qualifying-Purchases,VERY_OLD,MEDIUM,True,34693,2016-11-23,
168bdda9-4816-e811-95e9-38eaa7158569,BF-DTC-ATC-2017-Qualifying-Purchases,VERY_OLD,MEDIUM,True,34943,2018-02-20,
824f1072-6efd-e811-a2c4-1402ec936991,BF-DTC-ATC-2017-Qualifying-Purchases_New,VERY_OLD,MEDIUM,True,34943,2018-12-11,
e54d9008-f322-e811-9733-38eaa7150229,BF-DTC-ATC-2017-Qualifying-Purchases_Part2,VERY_OLD,MEDIUM,True,14744,2018-03-08,
9d131e90-6efd-e811-a2c4-1402ec936991,BF-DTC-ATC-2017-Qualifying-Purchases_Part2_New,VERY_OLD,MEDIUM,True,93154,2018-12-11,
26132790-5afa-e811-a2c4-1402ec936991,BF-DTC-ATC-2018-Qualifying-Purchases,VERY_OLD,MEDIUM,True,47344,2018-12-07,
84f63ea8-5afa-e811-a2c4-1402ec936991,BF-DTC-ATC-2018-Qualifying-Purchases_Part2,VERY_OLD,MEDIUM,True,93714,2018-12-07,
d1657628-b828-ea11-a2dc-1402ec936990,BF-DTC-ATC-2019-Qualifying-Purchases,VERY_OLD,MEDIUM,True,38856,2019-12-27,
16946d1a-0027-e811-9733-38eaa7150229,Bad_Email_Addresses_10_Plus,VERY_OLD,MEDIUM,False,7590,2018-03-13,
0986924d-474f-ea11-a2e8-1402ec7a5ea5,Bernadou Johnsen,VERY_OLD,MEDIUM,True,3,2020-02-14,
4fd680ed-c437-ea11-a2e0-48df3709f175,Bernadou Johnsen Sub Vehicles,VERY_OLD,MEDIUM,True,2,2020-01-15,
bfc47070-e211-ed11-ba3f-d4f5ef3de4c9,Bernadou Stores,VERY_OLD,MEDIUM,True,5,2022-08-01,
41f65d55-018a-e811-a2c1-1402ec936991,Brady_General_Thank_You_Send_20180716_URLS,VERY_OLD,MEDIUM,True,9335,2018-07-17,
abd4b17f-018a-e811-a2c1-1402ec936991,Brady_General_Thank_You_Send_v2_20180716_OurRecs,VERY_OLD,MEDIUM,True,27784,2018-07-17,
11aeb3c2-018a-e811-a2c1-1402ec936991,Brady_General_Thank_You_Send_v2_20180716_SendingDE,VERY_OLD,MEDIUM,True,9335,2018-07-17,
d3d89129-945f-ed11-ba3f-d4f5ef3de496,CAN 52,VERY_OLD,MEDIUM,False,1,2022-11-08,
bf4a9629-a7b6-ec11-ba31-d4f5ef3de4e6,CES Survey AT 03-2022,VERY_OLD,MEDIUM,True,98655,2022-04-07,
c3de9ff7-43fe-ec11-ba33-d4f5ef3de438,CES Survey AT 06-2022,VERY_OLD,MEDIUM,True,92055,2022-07-07,
4487a454-c2b1-e611-b60f-38eaa7158a0d,CM-DTC-ATC-2015-Qualifying-Purchases,VERY_OLD,MEDIUM,True,1167,2016-11-23,
0121228b-c2b1-e611-b60f-38eaa7158a0d,CM-DTC-ATC-2016-Qualifying-Purchases,VERY_OLD,MEDIUM,True,1588,2016-11-23,
585cd868-a531-ea11-a2dc-1402ec936990,Camry Vehicles,VERY_OLD,MEDIUM,False,133,2020-01-07,
49fbcd72-cbed-e011-9bf9-3c4a92e57cdc,Cart Abandonment Segment,VERY_OLD,MEDIUM,True,0,2011-10-03,
3d4b63ac-6eeb-e911-a2d8-48df370a0a44,CertJourney_JobID,VERY_OLD,MEDIUM,False,0,2019-10-10,
2cda2665-1d19-e811-95e9-38eaa7158569,CertJourney_Proofs,VERY_OLD,MEDIUM,True,3,2018-02-23,
ec9cc5d8-c8d1-e611-b60f-38eaa7158a0d,CloudPages_DataExtension,VERY_OLD,MEDIUM,True,0,2017-01-03,
bad7e4b0-c9fb-e711-ba86-38eaa7158951,Combined 5_32 Tread Sent Last 3 Days,VERY_OLD,MEDIUM,True,0,2018-01-17,
1d70de42-7bfd-e811-a2c4-1402ec936991,ContactDelete-seg01,VERY_OLD,MEDIUM,True,0,2018-12-11,
7c9dd34e-7bfd-e811-a2c4-1402ec936991,ContactDelete-seg02,VERY_OLD,MEDIUM,True,0,2018-12-11,
15d1c85a-7bfd-e811-a2c4-1402ec936991,ContactDelete-seg03,VERY_OLD,MEDIUM,True,0,2018-12-11,
ea3db966-7bfd-e811-a2c4-1402ec936991,ContactDelete-seg04,VERY_OLD,MEDIUM,True,0,2018-12-11,
c8d0b072-7bfd-e811-a2c4-1402ec936991,ContactDelete-seg05,VERY_OLD,MEDIUM,True,0,2018-12-11,
37faecb6-7efd-e811-a2c4-1402ec936991,ContactDelete-seg06,VERY_OLD,MEDIUM,True,0,2018-12-11,
00db0fd5-7efd-e811-a2c4-1402ec936991,ContactDelete-seg07,VERY_OLD,MEDIUM,True,0,2018-12-11,
584bb36d-7ffd-e811-a2c4-1402ec936991,ContactDelete-seg08,VERY_OLD,MEDIUM,True,0,2018-12-11,
3db1dd5d-80fd-e811-a2c4-1402ec936991,ContactDelete-seg09,VERY_OLD,MEDIUM,True,0,2018-12-11,
d0b5d89f-80fd-e811-a2c4-1402ec936991,ContactDelete-seg10,VERY_OLD,MEDIUM,True,0,2018-12-11,
9ab701c0-f91e-eb11-a2ed-48df3709f175,ContactDeletew000720706,VERY_OLD,MEDIUM,True,0,2020-11-04,
023b6551-d1fd-e511-93b1-38eaa7150229,Created from TSD_Template,VERY_OLD,MEDIUM,True,0,2016-04-08,
ce376593-db59-eb11-a2f8-1402ec7a5ea5,CurbsideSurveyAT,VERY_OLD,MEDIUM,True,58267,2021-01-18,
6df12981-3ca2-e811-a2c3-48df370a0a45,Custom_ROI_Reporting_Journeys,VERY_OLD,MEDIUM,False,9,2018-08-17,
cabf1c81-4943-ed11-ba3f-d4f5ef3de4c9,Customer 9003416312,VERY_OLD,MEDIUM,True,9,2022-10-03,
ebbebfe1-1140-ed11-ba3f-d4f5ef3de4c9,DEV_PitPass_StoreCodes,VERY_OLD,MEDIUM,False,2,2022-09-29,
40da6adf-739a-ec11-ba31-d4f5ef3de4e6,DT No Survey Data,VERY_OLD,MEDIUM,True,0,2022-03-02,
295fd497-091f-e911-a2c8-48df3709f175,DT TY 01-17-2019 Sendable,VERY_OLD,MEDIUM,True,18933,2019-01-23,
7d395faa-cc28-e911-a2c8-48df3709f175,DT TY 01-30-2019 Sendable,VERY_OLD,MEDIUM,True,1748,2019-02-04,
90ced683-041f-e911-a2c8-48df3709f175,DT TY Catchup 01-17-2019,VERY_OLD,MEDIUM,True,23650,2019-01-23,
18ab3f99-bb28-e911-a2c8-48df3709f175,DT TY Catchup 01-30-2019,VERY_OLD,MEDIUM,True,25847,2019-02-04,
06df0c47-032b-e911-a2c8-48df3709f175,DT TY Catchup 02-04-2019,VERY_OLD,MEDIUM,True,30835,2019-02-07,
39f9ad1e-082b-e911-a2c8-48df3709f175,DT TY Catchup 02-04-2019 Sendable,VERY_OLD,MEDIUM,True,5549,2019-02-07,
9ae50581-7adc-e811-a2c3-48df370a0a45,DT Thank You 10-29-2018 Catchup,VERY_OLD,MEDIUM,True,15971,2018-10-30,
4ca25656-fdfa-e711-ba86-38eaa7158951,DTC 5_32 Tread Sent Last 3 Days,VERY_OLD,MEDIUM,True,0,2018-01-16,
9d0bac9d-55a1-e611-b60f-38eaa7158a0d,DTC Emails Linked to Customer Sub Keys,VERY_OLD,MEDIUM,False,182,2016-11-02,
a4d2924e-c758-e511-93b1-38eaa7150229,DTC Store List_shared,VERY_OLD,MEDIUM,False,961,2015-09-11,
ef8bd82d-9de6-e811-a2c4-1402ec936991,DTC TY Catchup 11-8,VERY_OLD,MEDIUM,True,20892,2018-11-12,
d815652b-f765-e811-b0f1-38eaa7158951,DTC TY URL Empty 6-1,VERY_OLD,MEDIUM,True,0,2018-06-01,
9a83b13f-4614-ed11-ba3f-d4f5ef3de4c9,DTC Tire Product List20210511,VERY_OLD,MEDIUM,False,27252,2022-08-04,
4b62837e-7338-e811-9733-38eaa7150229,DTC-4-2-Import-Data,VERY_OLD,MEDIUM,False,53799,2018-04-04,
33754bc2-6d01-e811-ba86-38eaa7158951,DTCATCAPIActivityLog,VERY_OLD,MEDIUM,True,8,2018-01-25,
f9736099-3d01-e811-ba86-38eaa7158951,DTCATCAPIActivityLog_dev,VERY_OLD,MEDIUM,True,33,2018-01-25,
6dc4a64b-4614-ed11-ba3f-d4f5ef3de4c9,DTCTireProducts 20220801,VERY_OLD,MEDIUM,False,35341,2022-08-04,
bc33ce4e-2867-e711-9dde-38eaa7158951,DTC_ATC_Activity_Log-6-1-to-Today,VERY_OLD,MEDIUM,True,0,2017-07-12,
aaeea7de-eede-e911-a2d4-1402ec936991,DTC_Customer_Import-8-31-2019,VERY_OLD,MEDIUM,False,75152,2019-09-24,
bda1bc9b-3dbc-ec11-ba31-d4f5ef3de4e6,DTC_Filter_Vehicle_ID_New,VERY_OLD,MEDIUM,False,36,2022-04-14,
8dcbb35c-2e7e-e811-a2c1-1402ec936991,DTC_General_TY_6-29-2018-Import,VERY_OLD,MEDIUM,True,0,2018-07-02,
d5efdf3a-227e-e811-a2c1-1402ec936991,DTC_General_TY_All,VERY_OLD,MEDIUM,True,24516,2018-07-02,
42d5486b-2d7e-e811-a2c1-1402ec936991,DTC_General_TY_No_Survey,VERY_OLD,MEDIUM,True,10409,2018-07-02,
bff4a31f-e5ad-e711-8fba-38eaa7158569,DTC_General_TY_Send_Import_validation,VERY_OLD,MEDIUM,True,28787,2017-10-10,
4b501fe9-148d-e711-8fba-38eaa7158569,DTC_General_Thank_You_Send_Filtered,VERY_OLD,MEDIUM,True,29796,2017-09-07,
732fe7ad-6238-e811-9733-38eaa7150229,DTC_General_Thank_You_Send_v2_catchup_3-31-4-1-2018,VERY_OLD,MEDIUM,True,45181,2018-04-04,
43637b48-ff38-e811-9733-38eaa7150229,DTC_General_Thank_You_Send_v2_catchup_3-31-4-1-2018_SurveyURL_not_null,VERY_OLD,MEDIUM,True,41929,2018-04-05,
11dd16d9-d765-e811-b0f1-38eaa7158951,DTC_General_Thank_You_Sends_5_26_2018_Transactions,VERY_OLD,MEDIUM,True,29537,2018-06-01,
0f2dd8f3-1b8a-e411-b2ff-38eaa7158951,DTC_Subscriber_Vehicles_Copy,VERY_OLD,MEDIUM,False,0,2014-12-22,
89e6f32d-1eb2-e811-a2c3-48df370a0a45,DTC_TY_Catchup-Send,VERY_OLD,MEDIUM,True,3097,2018-09-06,
69c2fb57-1eb2-e811-a2c3-48df370a0a45,DTC_TY_Catchup-import,VERY_OLD,MEDIUM,True,3097,2018-09-06,
bea51f41-eee1-e811-a2c3-48df370a0a45,DTC_TY_Catchup_11-2,VERY_OLD,MEDIUM,True,3314,2018-11-06,
ac101790-7e9a-ec11-ba31-d4f5ef3de4e6,DTD No Survey Data,VERY_OLD,MEDIUM,True,0,2022-03-02,
06ee0f41-3b12-e611-93b1-38eaa7150229,DTD Subscribers,VERY_OLD,MEDIUM,False,0,2016-05-04,
90d75be9-619a-ec11-ba31-d4f5ef3de4e6,DTD TY Catch Up 3-2-2022,VERY_OLD,MEDIUM,True,2765,2022-03-02,
27df25e9-f738-e811-9733-38eaa7150229,DTD-4-2-Import-Data,VERY_OLD,MEDIUM,False,2514,2018-04-05,
d432f4c7-adb1-e611-b60f-38eaa7158a0d,DTD-BF 2015 Qualifying Purchases,VERY_OLD,MEDIUM,False,2704,2016-11-23,
3e44f71e-afb1-e611-b60f-38eaa7158a0d,DTD-BF 2016 Qualifying Purchases,VERY_OLD,MEDIUM,False,6764,2016-11-23,
db32eabb-4816-e811-95e9-38eaa7158569,DTD-BF 2017 Qualifying Purchases,VERY_OLD,MEDIUM,False,6812,2018-02-20,
a97057d8-6efd-e811-a2c4-1402ec936991,DTD-BF 2017 Qualifying Purchases_New,VERY_OLD,MEDIUM,False,6812,2018-12-11,
f0f77a20-f322-e811-9733-38eaa7150229,DTD-BF 2017 Qualifying Purchases_Part2,VERY_OLD,MEDIUM,False,1752,2018-03-08,
d1ef34fc-6efd-e811-a2c4-1402ec936991,DTD-BF 2017 Qualifying Purchases_Part2_New,VERY_OLD,MEDIUM,False,9962,2018-12-11,
157241d8-5afa-e811-a2c4-1402ec936991,DTD-BF 2018 Qualifying Purchases,VERY_OLD,MEDIUM,False,2576,2018-12-07,
3a231df6-5afa-e811-a2c4-1402ec936991,DTD-BF 2018 Qualifying Purchases_Part2,VERY_OLD,MEDIUM,False,7567,2018-12-07,
d70d5b4c-b828-ea11-a2dc-1402ec936990,DTD-BF 2019 Qualifying Purchases,VERY_OLD,MEDIUM,False,1978,2019-12-27,
84a36464-b828-ea11-a2dc-1402ec936990,DTD-BF 2019 Qualifying Purchases_Part2,VERY_OLD,MEDIUM,False,8196,2019-12-27,
89f68b41-c3b1-e611-b60f-38eaa7158a0d,DTD-CM 2015 Qualifying Purchases,VERY_OLD,MEDIUM,False,1888,2016-11-23,
2c52dc5f-c3b1-e611-b60f-38eaa7158a0d,DTD-CM 2016 Qualifying Purchases,VERY_OLD,MEDIUM,False,2733,2016-11-23,
5f676cc8-db8c-e611-b60f-38eaa7158a0d,DTD-LD 2015 Qualifying Purchases,VERY_OLD,MEDIUM,False,3772,2016-10-07,
53bab96d-d98c-e611-b60f-38eaa7158a0d,DTD-LD 2016 Qualifying Purchases,VERY_OLD,MEDIUM,False,7192,2016-10-07,
95117a9e-87be-e711-8fba-38eaa7158569,DTD-LD 2017 Qualifying Purchases,VERY_OLD,MEDIUM,False,10787,2017-10-31,
4d224526-e0bc-e811-a2c3-48df370a0a45,DTD-LD 2017 Qualifying Purchases_New,VERY_OLD,MEDIUM,False,16480,2018-09-20,
d48e8d4e-bdba-e811-a2c3-48df370a0a45,DTD-LD 2018 Qualifying Purchases,VERY_OLD,MEDIUM,False,13316,2018-09-17,
a2e7a68f-4fd6-e911-a2d4-1402ec936991,DTD-LD 2019 Qualifying Purchases,VERY_OLD,MEDIUM,False,5411,2019-09-13,
6c77b043-80a7-e611-b60f-38eaa7158a0d,DTD-MD 2015 Qualifying Purchases,VERY_OLD,MEDIUM,False,3313,2016-11-10,
cb097f0d-80a7-e611-b60f-38eaa7158a0d,DTD-MD 2016 Qualifying Purchases,VERY_OLD,MEDIUM,False,7181,2016-11-10,
487845b9-c54f-e711-9dde-38eaa7158951,DTD-MD 2017 Qualifying Purchases,VERY_OLD,MEDIUM,False,17073,2017-06-12,
92d5cf7c-1165-e811-b0f1-38eaa7158951,DTD-MD 2018 Qualifying Purchases,VERY_OLD,MEDIUM,False,5018,2018-05-31,
e236c795-ce65-e811-b0f1-38eaa7158951,DTD-MD 2018 Qualifying Purchases_Part2,VERY_OLD,MEDIUM,False,6185,2018-06-01,
c6eb0566-868c-e911-a2d4-1402ec7a5ea5,DTD-MD 2019 Qualifying Purchases,VERY_OLD,MEDIUM,False,5850,2019-06-11,
43a92fd4-69a7-e611-b60f-38eaa7158a0d,DTD-PD 2015 Qualifying Purchases,VERY_OLD,MEDIUM,False,0,2016-11-10,
d961a4af-69a7-e611-b60f-38eaa7158a0d,DTD-PD 2016 Qualifying Purchases,VERY_OLD,MEDIUM,False,6972,2016-11-10,
c677e9ea-ac4f-e711-9dde-38eaa7158951,DTD-PD 2017 Qualifying Purchases,VERY_OLD,MEDIUM,False,6137,2017-06-12,
724f681d-8120-e811-9733-38eaa7150229,DTD-PD 2018 Qualifying Purchases,VERY_OLD,MEDIUM,False,8284,2018-03-05,
5b7224a1-1544-e911-a2cf-1402ec7a5ea5,DTD-PD 2019 Qualifying Purchases,VERY_OLD,MEDIUM,False,6822,2019-03-11,
5c4ad883-4387-e611-b60f-38eaa7158a0d,DTD_Customer_Activity_Log_7-4-2015-Promo_Qualifying_Purchases,VERY_OLD,MEDIUM,False,3308,2016-09-30,
083c3b40-c685-e611-b60f-38eaa7158a0d,DTD_Customer_Activity_Log_7-4-2016-Promo_Qualifying_Purchases,VERY_OLD,MEDIUM,False,7113,2016-09-28,
513fedbe-c685-e611-b60f-38eaa7158a0d,DTD_Customer_Activity_Log_7-4-Promo_Qualifying_Purchases_staging,VERY_OLD,MEDIUM,False,0,2016-09-28,
5d0c6a72-7b37-ec11-a304-48df3709f175,DTD_Filter_v2_PayPal,VERY_OLD,MEDIUM,True,1577,2021-10-27,
a76491ef-227e-e811-a2c1-1402ec936991,DTD_General_TY_All,VERY_OLD,MEDIUM,True,0,2018-07-02,
39e169c2-f538-e811-9733-38eaa7150229,DTD_General_Thank_You_Send_v2_catchup_3-31-4-1-2018,VERY_OLD,MEDIUM,True,1427,2018-04-05,
23deef50-fe38-e811-9733-38eaa7150229,DTD_General_Thank_You_Send_v2_catchup_3-31-4-1-2018_NotIn-3-31-2018-Send,VERY_OLD,MEDIUM,True,1098,2018-04-05,
1ddd7e7f-3744-ed11-ba3f-d4f5ef3de4c9,DT_FILTER_OrderConfirmation_UseCases,VERY_OLD,MEDIUM,True,44,2022-10-05,
5156b370-ef85-e811-a2c1-1402ec936991,DT_TY_Catch_Up_with_URLs,VERY_OLD,MEDIUM,True,15514,2018-07-12,
86859e11-fb85-e811-a2c1-1402ec936991,DT_TY_Catch_Ups_Sendable_with_URLs,VERY_OLD,MEDIUM,True,30886,2018-07-12,
359755b9-b286-e811-a2c1-1402ec936991,DT_TY_with_populated_URLs,VERY_OLD,MEDIUM,True,30886,2018-07-13,
ac033f82-b286-e711-8fba-38eaa7158569,ENT_SendLog_12Months_Rolling_Air_and_Rotation_SEED,VERY_OLD,MEDIUM,False,1,2017-08-21,
8a6f0118-3603-eb11-a2ec-1402ec936991,EV Survey DT,VERY_OLD,MEDIUM,True,5710,2020-09-30,
edaea7ee-3b90-ec11-ba2c-d4f5ef3de438,FILTER_DTC_Subscriber_Vehicles,VERY_OLD,MEDIUM,True,4,2022-02-17,
0d9af99e-03a6-e611-b60f-38eaa7158a0d,FromAPI_3,VERY_OLD,MEDIUM,True,0,2016-11-08,
a36d3a06-04a6-e611-b60f-38eaa7158a0d,FromAPI_4,VERY_OLD,MEDIUM,True,0,2016-11-08,
181db5a2-04a6-e611-b60f-38eaa7158a0d,FromAPI_5,VERY_OLD,MEDIUM,True,0,2016-11-08,
75744a21-058d-e711-8fba-38eaa7158569,General_Thank_You_Send_v2,VERY_OLD,MEDIUM,True,32928,2017-08-29,
35d5e440-9f74-ec11-ba2a-d4f5ef3de497,Greeter Survey AT 12-2021,VERY_OLD,MEDIUM,True,96078,2022-01-13,
fd85c34d-18e0-eb11-a307-1402ec7a5ea4,Greeting Survey AT,VERY_OLD,MEDIUM,True,97991,2021-07-08,
59c76e60-f325-ec11-a304-48df3709f175,Hiring Exclude,VERY_OLD,MEDIUM,True,1245,2021-10-05,
4f871f73-122b-ed11-ba3f-d4f5ef3de4c9,Invoice 12377,VERY_OLD,MEDIUM,False,4,2022-09-02,
37d470a3-c48a-e811-a2c1-1402ec936991,J4-DTC-ATC-2018-Qualifying-Purchases,VERY_OLD,MEDIUM,True,46877,2018-07-18,
272071da-c48a-e811-a2c1-1402ec936991,J4-DTC-ATC-2018-Qualifying-Purchases_Part2,VERY_OLD,MEDIUM,True,81394,2018-07-18,
7ec607f9-adac-e911-a2d1-48df3709f175,J4-DTC-ATC-2019-Qualifying-Purchases,VERY_OLD,MEDIUM,True,57951,2019-07-22,
981c265e-62be-e711-8fba-38eaa7158569,J4-DTD-2017-Qualifying-Purchases,VERY_OLD,MEDIUM,False,18234,2017-10-31,
572d34c8-c48a-e811-a2c1-1402ec936991,J4-DTD-2018-Qualifying-Purchases,VERY_OLD,MEDIUM,False,7630,2018-07-18,
b19194ec-c48a-e811-a2c1-1402ec936991,J4-DTD-2018-Qualifying-Purchases_Part2,VERY_OLD,MEDIUM,False,7077,2018-07-18,
cae1af1d-aeac-e911-a2d1-48df3709f175,J4-DTD-2019-Qualifying-Purchases,VERY_OLD,MEDIUM,False,2428,2019-07-22,
e2cc9f2f-aeac-e911-a2d1-48df3709f175,J4-DTD-2019-Qualifying-Purchases_Part2,VERY_OLD,MEDIUM,False,4813,2019-07-22,
bce42a1c-72eb-e911-a2d8-48df370a0a44,JobID for Cert Journey,VERY_OLD,MEDIUM,False,0,2019-10-10,
c8c34f44-27fa-eb11-a301-1402ec936991,Krutoy,VERY_OLD,MEDIUM,True,6,2021-08-10,
e1523a64-c806-ec11-a301-1402ec936991,Krutoy 8-26-2021,VERY_OLD,MEDIUM,True,1,2021-08-26,
8924543c-ba8c-e611-b60f-38eaa7158a0d,LD-DTC-ATC-2015-Qualifying-Purchases,VERY_OLD,MEDIUM,True,25937,2016-10-07,
f8ab45a7-188c-e611-b60f-38eaa7158a0d,LD-DTC-ATC-2016-Qualifying-Purchases,VERY_OLD,MEDIUM,True,28722,2016-10-07,
7efc50fc-3edc-ec11-ba33-d4f5ef3de438,LMT-Preview-20220525092611611,VERY_OLD,MEDIUM,False,26,2022-05-25,
35d31e93-5e8c-ed11-ba3f-d4f5ef3de496,LR_ATC_DEV_OrderConfirmation_V2_filter_,VERY_OLD,MEDIUM,True,0,2023-01-04,
66bb071b-841a-ed11-ba3f-d4f5ef3de4c9,LR_DTC_DEV_OrderConfirmation_V2_filter_,VERY_OLD,MEDIUM,True,2,2022-08-12,
87f3b309-7f50-ed11-ba3f-d4f5ef3de4c9,LR_DTC_PROD_OrderConfirmation_V2_filter_,VERY_OLD,MEDIUM,True,1102,2022-10-20,
4f13a4de-831a-ed11-ba3f-d4f5ef3de4c9,LR_OrderConfirmation_V2_filter,VERY_OLD,MEDIUM,True,1,2022-08-12,
25b1240a-5b99-eb11-a2fe-1402ec7a5ea5,LR_ProductInStock_Filter,VERY_OLD,MEDIUM,True,1,2021-04-09,
1329b561-e589-e911-a2d4-1402ec7a5ea5,Last Visit Dates 6-5-2019,VERY_OLD,MEDIUM,True,28412,2019-06-08,
8b44e7ee-7fa7-e611-b60f-38eaa7158a0d,MD-DTC-ATC-2015-Qualifying-Purchases,VERY_OLD,MEDIUM,True,26120,2016-11-10,
b39dbad0-7fa7-e611-b60f-38eaa7158a0d,MD-DTC-ATC-2016-Qualifying-Purchases,VERY_OLD,MEDIUM,True,0,2016-11-10,
8fdcda9a-1165-e811-b0f1-38eaa7158951,MD-DTC-ATC-2018-Qualifying-Purchases,VERY_OLD,MEDIUM,True,32817,2018-05-31,
c5c8cea7-ce65-e811-b0f1-38eaa7158951,MD-DTC-ATC-2018-Qualifying-Purchases_Part2,VERY_OLD,MEDIUM,True,84018,2018-06-01,
305f74ac-7fa7-e611-b60f-38eaa7158a0d,MD-tmpClickDE,VERY_OLD,MEDIUM,False,86711,2018-06-12,
896e709e-353e-e611-93b1-38eaa7150229,Master Store Temp,VERY_OLD,MEDIUM,False,997,2016-06-29,
8f62e923-2f31-ec11-a304-48df3709f175,Mulesoft API,VERY_OLD,MEDIUM,True,0,2021-10-19,
bec48564-2edb-e911-a2d4-1402ec936991,MyAccountAptConfirmationTSD-Copy,VERY_OLD,MEDIUM,True,0,2019-09-19,
9af1f431-d728-e911-a2c8-48df3709f175,New Florida STore Catchup,VERY_OLD,MEDIUM,True,0,2019-02-04,
e5c7649a-6a46-ed11-ba3f-d4f5ef3de4c9,OneReach_Audience,VERY_OLD,MEDIUM,True,12,2022-10-07,
c10fa5c4-d1fd-e511-93b1-38eaa7150229,Order Confirmation Template DE,VERY_OLD,MEDIUM,True,0,2016-04-08,
72696b0b-705a-eb11-a2f8-1402ec7a5ea5,OrderConfirm_Ron,VERY_OLD,MEDIUM,True,0,2021-01-19,
9ba3a5fd-703c-ea11-a2e0-48df3709f175,Order_Confirmation_Template,VERY_OLD,MEDIUM,True,0,2020-01-21,
91681338-5ea7-e611-b60f-38eaa7158a0d,PD-DTC-ATC-2015-Qualifying-Purchases,VERY_OLD,MEDIUM,True,0,2016-11-10,
79f7b2fb-5da7-e611-b60f-38eaa7158a0d,PD-DTC-ATC-2016-Qualifying-Purchases,VERY_OLD,MEDIUM,True,26403,2016-11-10,
3689d934-b54f-e711-9dde-38eaa7158951,PD-DTC-ATC-2017-Qualifying-Purchases,VERY_OLD,MEDIUM,True,31534,2017-06-12,
1d8a36b0-8720-e811-9733-38eaa7150229,PD-DTC-ATC-2018-Qualifying-Purchases,VERY_OLD,MEDIUM,True,30932,2018-03-05,
7c59f78e-1544-e911-a2cf-1402ec7a5ea5,PD-DTC-ATC-2019-Qualifying-Purchases,VERY_OLD,MEDIUM,True,76013,2019-03-11,
985783e3-5da7-e611-b60f-38eaa7158a0d,PD-tmpClickDE,VERY_OLD,MEDIUM,False,18231,2019-03-11,
55be409b-fdd1-e611-b60f-38eaa7158a0d,PREDICTIVE_SCORES,VERY_OLD,MEDIUM,False,0,2017-01-03,
96259781-f939-ed11-ba3f-d4f5ef3de4c9,PitPass_StoreCodes,VERY_OLD,MEDIUM,False,1,2022-09-21,
f5dd8bad-b612-ed11-ba3f-d4f5ef3de4c9,Prod 8017,VERY_OLD,MEDIUM,False,0,2022-08-02,
5841dd98-c032-e811-9733-38eaa7150229,Prod Review ATC Catchup,VERY_OLD,MEDIUM,True,7991,2018-03-28,
cd7f1af1-bf32-e811-9733-38eaa7150229,Prod Review DTC Catchup,VERY_OLD,MEDIUM,True,55119,2018-03-28,
b7a0794e-d332-e811-9733-38eaa7150229,Prod Review DTD Catchup,VERY_OLD,MEDIUM,True,918,2018-03-28,
9d94b98b-cbed-e011-9bf9-3c4a92e57cdc,Product Views Segment,VERY_OLD,MEDIUM,True,0,2011-10-03,
8ff05bc6-f431-e811-9733-38eaa7150229,Product_Review_Send_Troubleshooting_3_27_2018,VERY_OLD,MEDIUM,True,63110,2018-03-27,
e8e3749f-cbed-e011-9bf9-3c4a92e57cdc,Products Purchase Segment,VERY_OLD,MEDIUM,True,0,2011-10-03,
e422be07-7337-ec11-a304-48df3709f175,QA Held Emails on TSMS List,VERY_OLD,MEDIUM,True,0,2021-10-27,
83ca2b09-7437-ec11-a304-48df3709f175,QA Held Emails on TSMS List - BU Non Sendable,VERY_OLD,MEDIUM,False,98,2021-10-27,
60243447-1438-ec11-a304-48df3709f175,QA Held Emails on TSMS List 10-28,VERY_OLD,MEDIUM,True,0,2021-10-28,
4a375e13-1d38-ec11-a304-48df3709f175,QA Held Emails on TSMS List 10-28 BU,VERY_OLD,MEDIUM,False,83,2021-10-28,
94c9c12d-ea38-ec11-a304-48df3709f175,QA Held Emails on TSMS List 10-29,VERY_OLD,MEDIUM,True,0,2021-10-29,
af8ec021-ea38-ec11-a304-48df3709f175,QA Held Emails on TSMS List 10-29 BU,VERY_OLD,MEDIUM,False,10,2021-10-29,
ab91a414-ef38-ec11-a304-48df3709f175,QA Held Emails on TSMS List 10-29-v2,VERY_OLD,MEDIUM,True,0,2021-10-29,
7991aa20-ef38-ec11-a304-48df3709f175,QA Held Emails on TSMS List 10-29-v2 BU,VERY_OLD,MEDIUM,False,2,2021-10-29,
d0ddc3ca-ac3d-ec11-ba2a-d4f5ef3de4c9,QA Held Emails on TSMS List 11-4-2021,VERY_OLD,MEDIUM,True,0,2021-11-04,
7c32329c-d7f4-e911-a2d8-48df370a0a44,QA Product In Stock Expanded,VERY_OLD,MEDIUM,True,0,2019-10-22,
d472ab0c-b9cf-ec11-ba33-d4f5ef3de497,SFMC000000,VERY_OLD,MEDIUM,True,3,2022-05-09,
e6ef44fa-7432-e311-abbe-3c4a92e57a48,SendJobs,VERY_OLD,MEDIUM,False,2508,2013-10-11,
9ba977d2-c8d1-e611-b60f-38eaa7158a0d,SocialPages_DataExtension,VERY_OLD,MEDIUM,True,0,2017-01-03,
2485fbc1-d1d9-e611-b60f-38eaa7158a0d,Store Review Customer Responses QA,VERY_OLD,MEDIUM,False,10440,2017-01-18,
b0f381fe-d1d9-e611-b60f-38eaa7158a0d,Store Review Response Recipients QA,VERY_OLD,MEDIUM,True,2,2017-01-13,
1cdcbbb9-ec49-ea11-a2e8-1402ec7a5ea5,Storecode 1009,VERY_OLD,MEDIUM,False,0,2020-02-07,
d3a39a41-f3be-e911-a2db-1402ec7a5ea5,Sub Status bernadou 1102030785,VERY_OLD,MEDIUM,False,3,2019-08-14,
4f58de5c-f0be-e911-a2db-1402ec7a5ea5,Sub profile bernadou 1102030785,VERY_OLD,MEDIUM,False,4,2019-08-14,
d72f44b0-e3be-e911-a2db-1402ec7a5ea5,Sub vehicles of 1019013180,VERY_OLD,MEDIUM,True,3,2019-08-14,
1c57f4a1-edbe-e911-a2db-1402ec7a5ea5,Sub vehicles of Bernadou 1102030785,VERY_OLD,MEDIUM,True,0,2019-08-14,
9e023d83-d3fd-e511-93b1-38eaa7150229,TSD DE made in Admin BU,VERY_OLD,MEDIUM,True,0,2016-04-08,
41670a4c-d3fd-e511-93b1-38eaa7150229,TSD Template DE,VERY_OLD,MEDIUM,True,0,2016-04-08,
97f71f8f-d0fd-e511-93b1-38eaa7150229,TSD-Template,VERY_OLD,MEDIUM,True,0,2016-04-08,
615e79fd-8e10-e911-a2c4-1402ec936991,TY 01-02-2019 Sendable,VERY_OLD,MEDIUM,True,2708,2019-01-04,
38348ac0-1f19-e911-a2c4-1402ec936991,TY 01-09-2019 Sendable,VERY_OLD,MEDIUM,True,4741,2019-01-15,
a5777c20-b2e6-e811-a2c4-1402ec936991,TY 11 8 2018 Sendable,VERY_OLD,MEDIUM,True,10111,2018-11-12,
201ff073-58ec-e811-a2c4-1402ec936991,TY 11-15-2018 Sendable,VERY_OLD,MEDIUM,True,5339,2018-11-19,
a3adffcb-23ed-e811-a2c4-1402ec936991,TY 11-19-2018 Sendable,VERY_OLD,MEDIUM,True,11942,2018-11-20,
7d8a0926-5910-e911-a2c4-1402ec936991,TY Catchup 01-02-2018,VERY_OLD,MEDIUM,True,4338,2019-01-04,
66f732ad-1719-e911-a2c4-1402ec936991,TY Catchup 01-09-2019,VERY_OLD,MEDIUM,True,26448,2019-01-15,
50e0d58e-4fec-e811-a2c4-1402ec936991,TY Catchup 11-15-2018,VERY_OLD,MEDIUM,True,5339,2018-11-19,
acefb12b-1ced-e811-a2c4-1402ec936991,TY Catchup 11-19-2018,VERY_OLD,MEDIUM,True,33558,2018-11-20,
9571e488-abe6-e811-a2c4-1402ec936991,TY Catchup 11-8-2018,VERY_OLD,MEDIUM,True,20892,2018-11-12,
1629146b-f4e1-e811-a2c3-48df370a0a45,TY-Output-Records,VERY_OLD,MEDIUM,True,11082,2018-11-06,
acef77e4-a9e0-e911-a2d4-1402ec936991,TemplateDE_MyAccount_Verification,VERY_OLD,MEDIUM,True,0,2019-09-26,
653b57cd-71c9-eb11-a2fd-48df370a0a45,Thank You Send Data 5-26-2021,VERY_OLD,MEDIUM,True,0,2021-06-09,
4b926b43-5401-e811-ba86-38eaa7158951,ThankYouv3_SurveyURLs_Staging,VERY_OLD,MEDIUM,False,0,2018-01-25,
16be7672-5501-e811-ba86-38eaa7158951,ThankYouv3_SurveyURLs_Staging_dev,VERY_OLD,MEDIUM,False,71,2018-01-25,
c45304c1-6b87-e711-8fba-38eaa7158569,TireRotationJobs,VERY_OLD,MEDIUM,False,1468,2017-08-22,
554fc283-7c49-e811-9733-38eaa7150229,Tire_Wear_Reporting_Journeys,VERY_OLD,MEDIUM,False,3,2018-05-03,
918f67d8-d9bf-e711-8fba-38eaa7158569,Tires_With_Certs_N,VERY_OLD,MEDIUM,False,962,2017-11-10,
0a70519c-4ec6-e711-8fba-38eaa7158569,Tires_With_Certs_Y,VERY_OLD,MEDIUM,False,23719,2017-11-10,
7ab7e2da-5d45-eb11-a2f6-1402ec7a5ea5,Triggered Send Records not numeric Segment 0,VERY_OLD,MEDIUM,True,0,2020-12-23,
119ad0ec-5d45-eb11-a2f6-1402ec7a5ea5,Triggered Send Records not numeric Segment 1,VERY_OLD,MEDIUM,True,0,2020-12-23,
b239c3fe-5d45-eb11-a2f6-1402ec7a5ea5,Triggered Send Records not numeric Segment 2,VERY_OLD,MEDIUM,True,0,2020-12-23,
0d7ddc0a-5e45-eb11-a2f6-1402ec7a5ea5,Triggered Send Records not numeric Segment 3,VERY_OLD,MEDIUM,True,0,2020-12-23,
ffb9cc1c-5e45-eb11-a2f6-1402ec7a5ea5,Triggered Send Records not numeric Segment 4,VERY_OLD,MEDIUM,True,0,2020-12-23,
0539c228-5e45-eb11-a2f6-1402ec7a5ea5,Triggered Send Records not numeric Segment 5,VERY_OLD,MEDIUM,True,0,2020-12-23,
baebc73a-5e45-eb11-a2f6-1402ec7a5ea5,Triggered Send Records not numeric Segment 6,VERY_OLD,MEDIUM,True,0,2020-12-23,
aa49c040-5e45-eb11-a2f6-1402ec7a5ea5,Triggered Send Records not numeric Segment 7,VERY_OLD,MEDIUM,True,0,2020-12-23,
0f820bf6-113c-eb11-a2f6-1402ec7a5ea5,Triggered Send Records not on All Subs Segment 1,VERY_OLD,MEDIUM,True,0,2020-12-11,
7bce07ea-113c-eb11-a2f6-1402ec7a5ea5,Triggered Send Records not on All Subs Segment 2,VERY_OLD,MEDIUM,True,0,2020-12-11,
5e6f15ec-aa47-ea11-a2e8-1402ec7a5ea5,TriggeredSendDataExtension - 20200204_050324,VERY_OLD,MEDIUM,True,0,2020-02-04,
a797a1ec-fa83-e911-a2d4-1402ec7a5ea5,VTV_AirCheck_DE_DTC_Template,VERY_OLD,MEDIUM,True,0,2019-05-31,
e2b407d9-db7b-e911-a2d4-1402ec7a5ea5,VTV_AirCheck_DE_Template,VERY_OLD,MEDIUM,True,0,2019-05-21,
f54434d3-a4ee-e911-a2d8-48df370a0a44,VTV_TreadDepth,VERY_OLD,MEDIUM,False,12,2019-10-14,
5911be6e-83e4-e811-a2c4-1402ec936991,VW 2019,VERY_OLD,MEDIUM,False,8,2018-11-09,
bb69e449-1cd9-eb11-a2fd-48df370a0a45,YSYL Reg Customers,VERY_OLD,MEDIUM,False,399,2021-06-29,
e714c0bd-32d9-eb11-a2fd-48df370a0a45,YSYL Reg Customers Suppression DE,VERY_OLD,MEDIUM,True,154,2021-06-29,
ec831783-2663-eb11-a2f4-1402ec936991,_ChatMessagingSubscription,VERY_OLD,MEDIUM,False,0,2021-01-30,
84e70d19-46a2-e411-b2ff-38eaa7158951,_MobileAddress,VERY_OLD,MEDIUM,True,0,2015-01-22,
e1f1e80d-345c-ec11-ba2a-d4f5ef3de497,_MobileAddressApplication,VERY_OLD,MEDIUM,False,0,2021-12-13,
8be70d19-46a2-e411-b2ff-38eaa7158951,_MobileSubscription,VERY_OLD,MEDIUM,False,0,2015-01-22,
94e70d19-46a2-e411-b2ff-38eaa7158951,_PushAddress,VERY_OLD,MEDIUM,True,0,2015-01-22,
9de70d19-46a2-e411-b2ff-38eaa7158951,_PushTag,VERY_OLD,MEDIUM,False,0,2015-01-22,
5a99537f-f4f8-e811-a2c4-1402ec936991,active sub status check,VERY_OLD,MEDIUM,False,2,2018-12-05,
d0477eb8-e937-e611-93b1-38eaa7150229,az,VERY_OLD,MEDIUM,False,2,2016-06-21,
7d568da5-cf52-ec11-ba2a-d4f5ef3de4c9,azjackfamATcoxDOTnet,VERY_OLD,MEDIUM,True,0,2021-12-01,
1451ec08-5e64-e811-b0f1-38eaa7158951,empty URLs,VERY_OLD,MEDIUM,True,0,2018-05-30,
3fe5c730-0a2b-e911-a2c8-48df3709f175,flo 11,VERY_OLD,MEDIUM,True,136,2019-02-07,
451a42b8-345f-e611-8771-38eaa7158951,jrraymond46@icloud.com,VERY_OLD,MEDIUM,True,2,2016-08-10,
dfc39e9d-0aea-e411-b2ff-38eaa7158951,nolan-temp-DE,VERY_OLD,MEDIUM,True,0,2015-04-23,
5afd8289-8a45-ed11-ba3f-d4f5ef3de4c9,phone 7203503682,VERY_OLD,MEDIUM,False,2,2022-10-06,
0ef89b2f-101f-e911-a2c8-48df3709f175,responses after 1-20-2019,VERY_OLD,MEDIUM,False,12,2019-01-23,
93d07b28-5a3a-e611-93b1-38eaa7150229,site num 1038,VERY_OLD,MEDIUM,False,1,2016-06-24,
c892ccca-b702-e711-9dde-38eaa7158951,tmp,VERY_OLD,MEDIUM,False,77397,2017-03-06,
58004dfc-4387-e611-b60f-38eaa7158a0d,tmpClickDE-2015,VERY_OLD,MEDIUM,False,79043,2016-09-30,
b3910dae-bdb2-e811-a2c3-48df370a0a45,tmpClickDE2,VERY_OLD,MEDIUM,False,0,2018-09-07,
4439d3d8-7187-e711-8fba-38eaa7158569,tmp_Ent_SendLog,VERY_OLD,MEDIUM,False,0,2017-08-22,
0ff10be4-e4e0-ea11-a2f1-1402ec7a5ea5,wrightef AT gmail com,VERY_OLD,MEDIUM,True,0,2020-08-17,
c49f5d68-cfa5-ef11-ba5e-d4f5ef3de439,202411_Filter_DT_DEV_OrderConfirmationv2,OLD,LOW,True,0,2024-11-18,
c4f54973-1d83-ee11-ba51-d4f5ef3de496,91533 translog,OLD,LOW,False,8479,2023-11-14,
287b800d-801f-ef11-ba57-d4f5ef3de4e6,AT - Product_Review_Send - 05312024 catchup,OLD,LOW,True,9506,2024-05-31,
684c1232-9b85-ef11-ba5c-d4f5ef3de497,ATC_SaveThePromo_WebSignups,OLD,LOW,False,2,2024-10-08,
1447d4e6-8322-ef11-ba57-d4f5ef3de4e6,ATC_welcome_suppression_staging,OLD,LOW,True,6348,2024-06-19,
b1644e5e-dc9a-ee11-ba51-d4f5ef3de496,AbandonCart Exclusion Emails,OLD,LOW,False,49,2023-12-14,
59bc0763-91e0-ee11-ba52-d4f5ef3de439,AutomationConsecutiveErrorsAndSkips_Configurable,OLD,LOW,False,49,2024-03-12,
dcf0f3d1-a77a-ef11-ba5c-d4f5ef3de497,AutomationLastRun_Monitoring,OLD,LOW,False,49,2024-12-20,
22bf2d08-95a9-ee11-ba51-d4f5ef3de496,BWJ Vehicles,OLD,LOW,True,1,2024-01-02,
90de4790-eab0-ef11-ba5e-d4f5ef3de439,Bridgestone CAL TransLog,OLD,LOW,True,86554,2024-12-02,
25bc44c5-081d-ee11-ba4a-d4f5ef3de438,Bridgestone DriveGuard Skus,OLD,LOW,False,20,2023-07-07,
4fc35880-9eb4-ee11-ba51-d4f5ef3de496,CES Survey IL,OLD,LOW,True,51403,2024-01-16,
e659259b-a7a8-ed11-ba42-d4f5ef3de438,Contact Delete,OLD,LOW,True,0,2023-12-14,
a0788b46-f469-ee11-ba57-d4f5ef3de4c9,ContactDelete_OneTime,OLD,LOW,True,0,2023-10-13,
91903cef-151c-ee11-ba4a-d4f5ef3de438,Control_DTC_Tire_Rotation_Reminder_Send,OLD,LOW,True,0,2023-07-06,
b63a0f53-c4c9-ed11-ba42-d4f5ef3de438,CreatedProfile,OLD,LOW,False,67180,2023-03-23,
f2b4e567-a300-ee11-ba4a-d4f5ef3de4e7,DEV_DTC_AbandonCart,OLD,LOW,True,13,2023-06-01,
8fd65979-ba17-ef11-ba57-d4f5ef3de4e6,DEV_Tire_Review_ErrorLog,OLD,LOW,False,2,2024-05-21,
61b374ef-7f1f-ef11-ba57-d4f5ef3de4e6,DT - Product_Review_Send - 05312024 catchup,OLD,LOW,True,86381,2024-05-31,
e0684715-37e2-ee11-ba52-d4f5ef3de439,DTC Tire Product List New 3 2024,OLD,LOW,False,42569,2024-03-14,
c68e68cc-e2b7-ef11-ba5e-d4f5ef3de439,DTC_Customer_Activity_Log_VISION_To_LEGACY Create Filter for Indexing,OLD,LOW,False,0,2024-12-11,
edcc9ec8-8d9c-ef11-ba5e-d4f5ef3de439,DTC_Customer_Activity_log_vision_To_Legacy-11-5-2024,OLD,LOW,False,1798,2024-11-06,
130ee86a-3a7f-ef11-ba5c-d4f5ef3de497,DTC_Promo_Subscriber_5Way_Split_1,OLD,LOW,True,0,2024-09-30,
dc162a7d-3a7f-ef11-ba5c-d4f5ef3de497,DTC_Promo_Subscriber_5Way_Split_2,OLD,LOW,True,0,2024-09-30,
22084c95-3a7f-ef11-ba5c-d4f5ef3de497,DTC_Promo_Subscriber_5Way_Split_3,OLD,LOW,True,0,2024-09-30,
03b159a7-3a7f-ef11-ba5c-d4f5ef3de497,DTC_Promo_Subscriber_5Way_Split_4,OLD,LOW,True,0,2024-09-30,
f5ef73b9-3a7f-ef11-ba5c-d4f5ef3de497,DTC_Promo_Subscriber_5Way_Split_5,OLD,LOW,True,0,2024-09-30,
81c3764c-8df2-ee11-ba52-d4f5ef3de439,DTC_Promo_Subscriber_Banner_QA,OLD,LOW,True,3,2024-04-04,
ea636d6a-1b7c-ef11-ba5c-d4f5ef3de497,DTC_Promo_Subscriber_Winter,OLD,LOW,True,0,2024-09-26,
91cb4e3e-d084-ef11-ba5c-d4f5ef3de497,DTC_SaveThePromo_WebSignups,OLD,LOW,False,6,2024-10-08,
76edd275-d1fb-ed11-ba4a-d4f5ef3de4e7,DTC_Subscriber_Vehicles_template,OLD,LOW,True,0,2023-05-26,
6cccbca0-461d-ef11-ba57-d4f5ef3de4e6,DTC_Vehicle_ID_New-5-2024-validation,OLD,LOW,False,71995,2024-05-28,
f932d081-4b1d-ef11-ba57-d4f5ef3de4e6,DTC_Vehicle_ID_New-Legacy,OLD,LOW,False,59816,2024-05-28,
06565c39-a74d-ef11-ba57-d4f5ef3de4e6,DTC_Vehicle_ID_Stage,OLD,LOW,False,83866,2024-07-29,
d2a0a507-8685-ef11-ba5c-d4f5ef3de497,DTC_welcome_audience_Sponsor,OLD,LOW,True,0,2024-10-08,
d5a0a507-8685-ef11-ba5c-d4f5ef3de497,DTC_welcome_subscriptions_Sponsor,OLD,LOW,True,0,2024-10-08,
709c5d0f-a708-ef11-ba52-d4f5ef3de439,DT_AT_Transaction_Log -- LAST 4 YEARS,OLD,LOW,False,0,2024-05-02,
e94797c9-c5b8-ef11-ba5e-d4f5ef3de439,DT_AT_Transaction_log_BU_2,OLD,LOW,True,0,2024-12-12,
3961a8db-c5b8-ef11-ba5e-d4f5ef3de439,DT_AT_Transaction_log_BU_3,OLD,LOW,True,0,2024-12-12,
e62de40b-c6b8-ef11-ba5e-d4f5ef3de439,DT_AT_Transaction_log_BU_4,OLD,LOW,True,0,2024-12-12,
a6612c24-c6b8-ef11-ba5e-d4f5ef3de439,DT_AT_Transaction_log_BU_5,OLD,LOW,True,0,2024-12-12,
2d5e475c-755d-ee11-ba57-d4f5ef3de4c9,DT_AT_VISION_Transaction_Log,OLD,LOW,False,0,2023-09-27,
3d83c2d9-44c1-ee11-ba52-d4f5ef3de439,DT_PROD_AbandonCart_Subkey0,OLD,LOW,True,27507,2024-02-01,
7d12cb17-e2b7-ef11-ba5e-d4f5ef3de439,DT_Transaction_DE Create Filter for Indexing,OLD,LOW,False,0,2024-12-11,
1105048d-392e-ef11-ba57-d4f5ef3de4e6,DeleteContacts,OLD,LOW,True,0,2024-06-19,
16d1451b-fbc1-ee11-ba52-d4f5ef3de439,E2E TEMPLATE - HOME,OLD,LOW,True,0,2024-02-02,
7c616733-ffc1-ee11-ba52-d4f5ef3de439,E2E TEMPLATE - STORE,OLD,LOW,True,0,2024-02-02,
0ccb794c-cbee-e711-ba86-38eaa7158951,Einstein_MC_Predictive_Scores,OLD,LOW,False,1,2023-07-12,
5cccbe07-8f2e-ef11-ba57-d4f5ef3de4e6,FILTERED_DTC_VEHICLE_ID_NEW,OLD,LOW,False,4202,2024-06-19,
bf06e6eb-972e-ef11-ba57-d4f5ef3de4e6,FILTERED_DTC_subscriber_vehicles,OLD,LOW,True,8,2024-06-19,
94a7e03c-e1fc-ee11-ba52-d4f5ef3de439,FILTER_ATC_Product_Review_Send,OLD,LOW,True,306,2024-04-17,
4f992522-e1fc-ee11-ba52-d4f5ef3de439,FILTER_DTC_Product_Review_Send,OLD,LOW,True,2556,2024-04-17,
9df2f3b0-eb21-ef11-ba57-d4f5ef3de4e6,FILTER_MyAccountPasswordResetTSD_DT_PROD,OLD,LOW,True,0,2024-06-03,
ccd8f0fa-e0fc-ee11-ba52-d4f5ef3de439,FILTER_Product_Review_Send,OLD,LOW,True,2862,2024-04-17,
2be93551-7a18-ef11-ba57-d4f5ef3de4e6,FILTER_Tire_Review_Journey_Audience,OLD,LOW,True,33,2024-05-22,
18b12751-cb1e-ef11-ba57-d4f5ef3de4e6,FILTER_Tire_Review_Journey_Audience_DT,OLD,LOW,True,0,2024-05-30,
af296910-4e68-ee11-ba57-d4f5ef3de4c9,Filter_DEV_AbandonCart,OLD,LOW,True,52,2023-10-11,
b5ea9e34-48b9-ee11-ba51-d4f5ef3de496,Filter_DEV_DT_E2E_OrderOutForDeliveryHome,OLD,LOW,True,2,2024-01-22,
81739552-48b9-ee11-ba51-d4f5ef3de496,Filter_DEV_DT_E2E_OrderOutForDeliveryStore,OLD,LOW,True,0,2024-01-22,
89d1323e-cd84-ee11-ba51-d4f5ef3de496,Filter_DEV_DT_E2E_OrderShippedHome,OLD,LOW,True,140,2023-11-16,
560c2525-71b1-ee11-ba51-d4f5ef3de496,Filter_DEV_DT_E2E_OrderShippedStore,OLD,LOW,True,154,2024-01-12,
6fe625ab-1633-ee11-ba4a-d4f5ef3de438,Filter_DTD_Invoice_DEV,OLD,LOW,True,36,2023-08-04,
9a63b336-1f6a-ee11-ba57-d4f5ef3de4c9,Filter_DTD_Invoice_prod,OLD,LOW,True,4,2023-10-13,
a392e977-c56e-ef11-ba57-d4f5ef3de4e6,Filter_DT_DEV_TireHotel_Delivered_Customer,OLD,LOW,True,2,2024-09-09,
58eae689-c56e-ef11-ba57-d4f5ef3de4e6,Filter_DT_DEV_TireHotel_Scheduled_Customer,OLD,LOW,True,147,2024-09-09,
0b1a544e-44c1-ee11-ba52-d4f5ef3de439,Filter_DT_Prod_AbandonCart,OLD,LOW,True,316,2024-02-01,
512c63a4-a260-ef11-ba57-d4f5ef3de4e6,Filter_DT_Tire_Review_ErrorLog,OLD,LOW,False,168,2024-08-22,
a442cf9c-2cfc-ee11-ba52-d4f5ef3de439,Filter_LastTireReviewClickDate,OLD,LOW,True,0,2024-04-16,
48ea61dc-14af-ed11-ba42-d4f5ef3de438,Filter_Master Store List,OLD,LOW,False,3,2023-02-17,
e07ab3c9-12af-ed11-ba42-d4f5ef3de438,Filter_OMS_BOPIS_Order_Arrival,OLD,LOW,True,689,2023-02-17,
de31e1e1-eca7-ed11-ba42-d4f5ef3de438,Filter_OMS_BOPIS_Order_Cancellation,OLD,LOW,True,371,2023-02-08,
81b10de3-4553-ee11-ba57-d4f5ef3de4c9,Filter_OMS_BOPIS_Order_Cancellation_PROD,OLD,LOW,True,1525,2023-09-14,
b842d287-b5ac-ed11-ba42-d4f5ef3de438,Filter_OMS_DTD_Invoice,OLD,LOW,True,4,2023-02-14,
4a4c4952-cabb-ee11-ba52-d4f5ef3de439,Filter_PROD_ATC_AbadonCart,OLD,LOW,True,3767,2024-01-25,
8a45b690-c7bb-ee11-ba52-d4f5ef3de439,Filter_PROD_DTC_AbandonCart,OLD,LOW,True,25,2024-01-25,
fc028ee1-1055-ef11-ba57-d4f5ef3de4e6,Filter_PROD_Digital_Receipts_SMS,OLD,LOW,False,4,2024-08-07,
79a161c1-c837-ee11-ba4a-d4f5ef3de438,Filter_PROD_OMS_DTD_Invoice,OLD,LOW,True,6,2023-08-10,
680eb3b9-8d43-ee11-ba57-d4f5ef3de4c9,GdySweepsDT send 100k,OLD,LOW,True,100000,2023-08-25,
ff8c67cf-8e46-ee11-ba57-d4f5ef3de4c9,GdySweepsDT send 100k 2,OLD,LOW,True,100000,2023-08-29,
88fa25bb-8d0d-ef11-ba52-d4f5ef3de439,Hybris_Vehicle_Data,OLD,LOW,False,17726,2024-05-08,
40ed4489-fdd1-e611-b60f-38eaa7158a0d,IGO_PRODUCTATTRIBS,OLD,LOW,False,0,2023-07-12,
f8682d14-0ed2-e611-b60f-38eaa7158a0d,IGO_PRODUCTS,OLD,LOW,False,0,2023-07-12,
f8af3377-fdd1-e611-b60f-38eaa7158a0d,IGO_PROFILES,OLD,LOW,False,0,2023-07-12,
f0633e83-fdd1-e611-b60f-38eaa7158a0d,IGO_PURCHASES,OLD,LOW,False,0,2023-07-12,
df393a7d-fdd1-e611-b60f-38eaa7158a0d,IGO_VIEWS,OLD,LOW,False,0,2023-07-12,
f82cabee-301d-ee11-ba4a-d4f5ef3de438,IgnoreEmails,OLD,LOW,False,10,2023-07-07,
8c3e1737-90e0-ee11-ba52-d4f5ef3de439,JourneyMonitor,OLD,LOW,False,20,2024-03-12,
15a574b6-8e85-ef11-ba5c-d4f5ef3de497,Journey_Threshold_Monitor,OLD,LOW,False,1,2024-12-20,
d6f42b69-2cae-ed11-ba42-d4f5ef3de438,LR_ATC_PROD_OrderConfirmation_V2_filter_,OLD,LOW,True,3,2023-02-16,
9d8c1033-d13a-ee11-ba57-d4f5ef3de4c9,LR_AT_PROD_OrderConfirmation_V2_filter_,OLD,LOW,True,1849,2023-08-14,
976ffe9c-721f-ef11-ba57-d4f5ef3de4e6,LR_DEV_AT_Order Confirmation V2,OLD,LOW,True,61,2024-05-31,
c50f3c40-94d4-ed11-ba42-d4f5ef3de438,LR_DTD_Shipping_Notification_FILTER,OLD,LOW,True,2,2023-04-06,
1cf32d71-80f9-ed11-ba4a-d4f5ef3de4e7,LR_Filter_AT_BOPIS_Order_Cancellation,OLD,LOW,True,8,2023-05-23,
e8735c5d-ad13-ef11-ba57-d4f5ef3de4e6,MLS FC Cincinnati,OLD,LOW,True,64656,2024-05-16,
ea1f2cbc-4a19-ef11-ba57-d4f5ef3de4e6,MLS FC Cincinnati TransLog,OLD,LOW,True,27219,2024-05-23,
f5b56039-ad13-ef11-ba57-d4f5ef3de4e6,MLS Inter Miami FC,OLD,LOW,True,34696,2024-05-16,
aeaaca91-4a19-ef11-ba57-d4f5ef3de4e6,MLS Inter Miami FC TransLog,OLD,LOW,True,18797,2024-05-23,
6b0acb7f-4a19-ef11-ba57-d4f5ef3de4e6,MLS Portland Timbers TransLog,OLD,LOW,True,75033,2024-05-23,
277df1ad-8077-ef11-ba5c-d4f5ef3de497,Makeup 091824 - DTC Thank You,OLD,LOW,True,38326,2024-09-20,
3611a4c3-7377-ef11-ba5c-d4f5ef3de497,Makeup 091824 - DTC_General_Thank_You_Send_v2,OLD,LOW,True,14,2024-09-20,
dcf9edc4-c464-ef11-ba57-d4f5ef3de4e6,Mobile Install 91156 TLog survey,OLD,LOW,True,4989,2024-08-27,
f40a4ca1-fdd1-e611-b60f-38eaa7158a0d,PI_ABANDONED_CART_EVENT,OLD,LOW,False,0,2023-07-12,
d1714ba7-fdd1-e611-b60f-38eaa7158a0d,PI_ABANDONED_CART_ITEMS,OLD,LOW,False,0,2023-07-12,
12594195-fdd1-e611-b60f-38eaa7158a0d,PI_CONTENT,OLD,LOW,False,0,2023-07-12,
eeb4468f-fdd1-e611-b60f-38eaa7158a0d,PI_CONTENTATTRIBS,OLD,LOW,False,0,2023-07-12,
b7ed4489-fdd1-e611-b60f-38eaa7158a0d,PI_CONTENTVIEWS,OLD,LOW,False,0,2023-07-12,
4654361a-0ed2-e611-b60f-38eaa7158a0d,PI_SESSIONS,OLD,LOW,False,0,2023-07-12,
90a462ad-fdd1-e611-b60f-38eaa7158a0d,PI_SESSION_ENDS,OLD,LOW,False,0,2023-07-12,
401facf6-81e0-ee11-ba52-d4f5ef3de439,ProM_Account_Data,OLD,LOW,False,1,2024-03-12,
2f745793-791f-ef11-ba57-d4f5ef3de4e6,Product_Review_Send - 05312024 catchup,OLD,LOW,True,95887,2024-05-31,
700507c4-a4ca-ee11-ba52-d4f5ef3de439,QA_ReEngagement_Source,OLD,LOW,True,2,2024-02-13,
d2e2b6f8-0828-ed11-ba3f-d4f5ef3de4c9,SMS Tire Journey Page View Log,OLD,LOW,False,25303,2025-01-10,
c1db0089-90e0-ee11-ba52-d4f5ef3de439,SMSTriggeredSendQueue,OLD,LOW,False,2,2024-03-12,
19fa7035-151c-ee11-ba4a-d4f5ef3de438,STO_DTC_Tire_Rotation_Reminder_Send,OLD,LOW,True,0,2023-07-06,
132b16e4-eed7-ed11-ba42-d4f5ef3de438,Store AZP 59,OLD,LOW,False,2,2023-04-10,
cfe8da53-e887-ee11-ba51-d4f5ef3de496,SubKeyDupeLookups,OLD,LOW,False,114,2023-11-20,
677e85e8-b14e-ef11-ba57-d4f5ef3de4e6,Survey Mobile Install,OLD,LOW,True,1093,2024-07-30,
37a19815-70d3-ef11-ba5e-d4f5ef3de439,Survey Wheels TransLog,OLD,LOW,True,0,2025-01-15,
ca8cdabe-44e5-ed11-ba4a-d4f5ef3de4e7,TSManagedList_ContactDelete_042023,OLD,LOW,True,0,2023-04-27,
6c67a8a9-0713-ef11-ba57-d4f5ef3de4e6,Thank You RK,OLD,LOW,True,29,2024-05-15,
1da4808c-6a05-ee11-ba4a-d4f5ef3de4e7,TireProductsUpdate20230531_UPDATE,OLD,LOW,False,35497,2023-06-07,
cd2dd33d-0df1-ee11-ba52-d4f5ef3de439,TireReview RK,OLD,LOW,True,0,2024-05-16,
4bdf6ffc-90e0-ee11-ba52-d4f5ef3de439,TriggeredSendMonitoring,OLD,LOW,False,12,2024-03-12,
b56f49be-1b7c-ef11-ba5c-d4f5ef3de497,Winter_Stores,OLD,LOW,False,345,2024-09-26,
d3f4c57d-2021-ee11-ba4a-d4f5ef3de438,_MobileLineAddress,OLD,LOW,False,0,2023-07-12,
64f4c57d-2021-ee11-ba4a-d4f5ef3de438,_MobileLineAddressContact,OLD,LOW,True,0,2023-07-12,
def4c57d-2021-ee11-ba4a-d4f5ef3de438,_MobileLineProfile,OLD,LOW,False,0,2023-07-12,
03f5c57d-2021-ee11-ba4a-d4f5ef3de438,_MobileLineProfileAttribute,OLD,LOW,False,0,2023-07-12,
28f5c57d-2021-ee11-ba4a-d4f5ef3de438,_MobileLineSubscription,OLD,LOW,False,0,2023-07-12,
2260f340-f0fb-ed11-ba4a-d4f5ef3de4e7,at_control_memorialday_send,OLD,LOW,True,0,2023-05-26,
cda0a507-8685-ef11-ba5c-d4f5ef3de497,dtc_web_signups_Sponsor,OLD,LOW,False,0,2024-10-08,
d0a0a507-8685-ef11-ba5c-d4f5ef3de497,dtc_welcome_suppression_Sponsor,OLD,LOW,True,0,2024-10-08,
75085e00-0057-ee11-ba57-d4f5ef3de4c9,dtc_welcome_suppression_staging,OLD,LOW,True,35698,2023-11-07,
d6a0a507-8685-ef11-ba5c-d4f5ef3de497,dtc_welcome_suppression_staging_Sponsor,OLD,LOW,True,0,2024-10-08,
366c4b87-a922-ef11-ba57-d4f5ef3de4e6,filter_DTC_Vehicle_ID_New,OLD,LOW,False,60,2024-06-04,
d7a6d365-5409-ee11-ba4a-d4f5ef3de4e7,memday_overlap_suppression,OLD,LOW,False,1,2023-06-12,
1e5bd307-56d4-ef11-ba5e-d4f5ef3de439,opt status,OLD,LOW,False,4,2025-01-16,
76d5721a-0c1c-ee11-ba4a-d4f5ef3de438,tire_rotation_control_audience,OLD,LOW,True,0,2023-07-06,
50738f1f-f4ff-ed11-ba4a-d4f5ef3de4e7,xxxxAbandonCart,OLD,LOW,True,0,2023-05-31,
b16abcc0-5fdf-f011-a5ad-5cba2c7c7ee0,ATC Web Signups Checker,ACTIVE_ORPHAN,REVIEW,False,4426,2025-12-22,
d979c836-2c46-f011-a5ae-5cba2c7d39f0,All Mobile Contacts AW,ACTIVE_ORPHAN,REVIEW,True,85447884,2025-11-18,
dbe87587-1347-f011-a5ae-5cba2c7d39f0,AllContacts AW Enteprise,ACTIVE_ORPHAN,REVIEW,True,87338579,2026-01-01,
4da4386f-5bee-f011-a5ad-5cba2c7c7ee0,B2B Fleet Customer emails,ACTIVE_ORPHAN,REVIEW,False,56370,2026-01-11,
99a04aa4-e2c0-f011-a5ad-5cba2c7c7ee0,Black Friday 2024 Purchasers,ACTIVE_ORPHAN,REVIEW,True,18762710,2025-11-13,
093b4b3c-f9dc-f011-a5ad-5cba2c7c7ee0,DTC Web Signups Checker,ACTIVE_ORPHAN,REVIEW,False,13785,2025-12-19,
2abe8379-2aca-f011-a5ad-5cba2c7c7ee0,ENT_SMS_SendLog,ACTIVE_ORPHAN,REVIEW,False,1430074,2025-11-25,
cc3b69b6-bbc4-f011-a5ad-5cba2c7c7ee0,FILTER-Digital_Receipts_Email,ACTIVE_ORPHAN,REVIEW,True,51428,2025-11-18,
4e81ee1e-4cb0-f011-a5ad-5cba2c7c7ee0,FILTER_DTC_Promo_Subscriber-wiperLogic,ACTIVE_ORPHAN,REVIEW,True,1477,2025-12-19,
57e575ee-d0c0-f011-a5ad-5cba2c7c7ee0,FILTER_VTV_AirCheck_DE-AGE_ALERTs,ACTIVE_ORPHAN,REVIEW,True,2228,2025-11-13,
e486c77d-01d6-f011-a5ad-5cba2c7c7ee0,NotSent Extract IMPORT - DT and AT,ACTIVE_ORPHAN,REVIEW,False,162575,2025-12-10,
43931e76-c6b5-f011-a5ad-5cba2c7c7ee0,a_tim_import_test_DTC_Welcome,ACTIVE_ORPHAN,REVIEW,True,2217,2025-10-30,
1dd4cf51-b030-ee11-ba4a-d4f5ef3de438,AT Purchasers Last 3 years,HIGH_VOLUME,REVIEW,True,2869889,2023-08-01,
7633d2f5-97df-ed11-ba42-d4f5ef3de438,ATC_DTC_General_Thank_You_Send_ErrorLog,HIGH_VOLUME,REVIEW,False,210377,2023-04-20,
5f911291-0132-e811-9733-38eaa7150229,ATC_NotOpens_Sendable,HIGH_VOLUME,REVIEW,True,356063,2018-03-27,
1fab7ea6-e331-e811-9733-38eaa7150229,ATC_Not_Open,HIGH_VOLUME,REVIEW,True,356066,2018-03-27,
5e946894-e331-e811-9733-38eaa7150229,ATC_Opens,HIGH_VOLUME,REVIEW,True,270140,2018-03-27,
dbebd19a-8066-f011-a5ae-5cba2c7d39f0,AT_ThankYou_ErrorLogging,HIGH_VOLUME,REVIEW,False,252736,2025-07-21,
4f96d682-8066-f011-a5ae-5cba2c7d39f0,AT_Thank_You_SMS_Click_Tracking,HIGH_VOLUME,REVIEW,False,252734,2025-07-24,
0bfed28e-8066-f011-a5ae-5cba2c7d39f0,AT_Thank_You_SMS_Sends,HIGH_VOLUME,REVIEW,False,267802,2025-07-28,
1164786e-b9cd-ed11-ba42-d4f5ef3de438,AW DT_AT_Transaction_Log,HIGH_VOLUME,REVIEW,False,90113516,2023-03-28,
1214bf8d-31ce-ed11-ba42-d4f5ef3de438,AW TEST - DT_Transaction_DE,HIGH_VOLUME,REVIEW,False,311137,2023-03-29,
b0cb7425-9f56-f011-a5ae-5cba2c7d39f0,AbandonCart_contains_AT,HIGH_VOLUME,REVIEW,True,1564400,2025-07-01,
96c49764-bf10-e711-9dde-38eaa7158951,Active Subscribers-profile,HIGH_VOLUME,REVIEW,False,8932713,2017-03-24,
d6ec1114-4cb3-ef11-ba5e-d4f5ef3de439,Alignment 98930 TransLog,HIGH_VOLUME,REVIEW,True,143231,2024-12-05,
c7be4375-9e32-e811-9733-38eaa7150229,Bad_Email_Suppression,HIGH_VOLUME,REVIEW,True,173081,2018-03-28,
9616bb5d-7b32-e311-abbe-3c4a92e57a48,Bounces,HIGH_VOLUME,REVIEW,False,970701,2013-10-11,
879b1472-eab0-ef11-ba5e-d4f5ef3de439,Bridgestone TXD TransLog,HIGH_VOLUME,REVIEW,True,228756,2024-12-02,
7a22b16d-a6b6-ec11-ba31-d4f5ef3de4e6,CES Survey DT 03-2022,HIGH_VOLUME,REVIEW,True,904202,2022-04-07,
a10cce15-44fe-ec11-ba33-d4f5ef3de438,CES Survey DT 06-2022,HIGH_VOLUME,REVIEW,True,885813,2022-07-07,
15387aa3-c2b1-e611-b60f-38eaa7158a0d,CM-tmpClickDE,HIGH_VOLUME,REVIEW,False,324634,2016-11-23,
4f710bbc-c2b1-e611-b60f-38eaa7158a0d,CM-tmpOpenDE,HIGH_VOLUME,REVIEW,False,2027526,2016-11-23,
042c1ebf-96db-ec11-ba33-d4f5ef3de438,ChatBot Survey 20220524,HIGH_VOLUME,REVIEW,True,384349,2022-05-24,
931e9b7a-0056-f011-a5ae-5cba2c7d39f0,Click_AbandonCart,HIGH_VOLUME,REVIEW,False,102686,2025-06-30,
e0664425-7a32-e311-abbe-3c4a92e57a48,Clicks,HIGH_VOLUME,REVIEW,False,2893278,2013-10-11,
5f10f01e-198a-e411-b2ff-38eaa7158951,Co Vehicles,HIGH_VOLUME,REVIEW,True,926139,2014-12-22,
33e25a63-1347-f011-a5ae-5cba2c7d39f0,Contacts without Channel Addresses,HIGH_VOLUME,REVIEW,True,1560451,2025-06-11,
87f54582-cb59-eb11-a2f8-1402ec7a5ea5,CurbsideSurvey,HIGH_VOLUME,REVIEW,True,536391,2021-01-18,
9ab4ba70-7d57-f011-a5ae-5cba2c7d39f0,DT SMS Opt In Status - 70700 only,HIGH_VOLUME,REVIEW,False,532491,2025-07-02,
f461668f-619a-ec11-ba31-d4f5ef3de4e6,DT TY Catch Up 3-2-2022,HIGH_VOLUME,REVIEW,True,198812,2022-03-02,
c0ac4384-d22b-ee11-ba4a-d4f5ef3de438,DT purchasers last 3 years,HIGH_VOLUME,REVIEW,True,29593584,2023-07-26,
2ff5b7a2-e8f6-e711-ba86-38eaa7158951,DTC Subscriber Rotation Sent Last 7 Days,HIGH_VOLUME,REVIEW,True,586968,2018-01-11,
4edf8896-aec9-ee11-ba52-d4f5ef3de439,DTC_Activity_Log_Tire,HIGH_VOLUME,REVIEW,False,872128,2024-03-07,
e3a90dc0-d131-e811-9733-38eaa7150229,DTC_Bottom_500K,HIGH_VOLUME,REVIEW,True,502213,2018-03-27,
3f4135bf-4c8d-ee11-ba51-d4f5ef3de496,DTC_Clicks_5Y,HIGH_VOLUME,REVIEW,False,6733924,2023-11-27,
fce8defa-f1c3-e711-8fba-38eaa7158569,DTC_Customer_Activity_Log_Import_TEST_PK_Added_3,HIGH_VOLUME,REVIEW,False,209711,2017-11-07,
59e0c2b0-d331-e811-9733-38eaa7150229,DTC_NotOpen_1MM,HIGH_VOLUME,REVIEW,True,1000000,2018-03-27,
08b51705-d431-e811-9733-38eaa7150229,DTC_NotOpen_500K,HIGH_VOLUME,REVIEW,True,499999,2018-03-27,
ee42622f-d431-e811-9733-38eaa7150229,DTC_NotOpen_Remainder,HIGH_VOLUME,REVIEW,True,874812,2018-03-27,
8ac23c0f-ac6f-ef11-ba57-d4f5ef3de4e6,DTC_Promo_Subscriber_Truck_QA,HIGH_VOLUME,REVIEW,True,9250093,2024-09-10,
3131b422-0804-e311-acaf-3c4a92f9105c,DTC_Shared_CustomerNo,HIGH_VOLUME,REVIEW,False,469381,2013-08-13,
1ee89958-96e9-e211-acaf-3c4a92f9105c,DTC_Subs_Delete,HIGH_VOLUME,REVIEW,False,6605017,2013-07-10,
02e6448a-cc37-e511-b2ff-38eaa7158951,DTC_Subscriber_Emails,HIGH_VOLUME,REVIEW,True,298971,2015-08-03,
66a845fb-9b08-e511-b2ff-38eaa7158951,DTC_Subscriber_Profile - dedupe,HIGH_VOLUME,REVIEW,False,12657746,2015-06-01,
16fd2dec-3ba8-e211-8b8e-3c4a92e57a48,DTC_Subscriber_Profile_Scrub,HIGH_VOLUME,REVIEW,False,9743572,2013-04-18,
3776c3ca-199a-f011-a5ad-5cba2c7c7ee0,DTC_Subscriber_Profile_WASH,HIGH_VOLUME,REVIEW,False,1507724,2025-09-25,
7d2fe0b2-7c09-e511-b2ff-38eaa7158951,DTC_Subscriber_Stores - UpdateEwigEmail,HIGH_VOLUME,REVIEW,True,15129141,2015-06-02,
ab3190fe-3ba8-e211-8b8e-3c4a92e57a48,DTC_Subscriber_Stores_Scrub,HIGH_VOLUME,REVIEW,True,8596180,2013-04-18,
09ba3026-3178-e511-93b1-38eaa7150229,DTC_Subscriber_Vehicles_BU,HIGH_VOLUME,REVIEW,True,65527879,2015-10-21,
6c783d61-fec5-e611-b60f-38eaa7158a0d,DTC_Subscriber_Vehicles_Daily,HIGH_VOLUME,REVIEW,True,12783980,2016-12-19,
54d16450-d29f-e711-8fba-38eaa7158569,DTC_Subscriber_Vehicles_Rebuild,HIGH_VOLUME,REVIEW,True,13735097,2017-09-22,
81a40f66-f7ac-e211-8b8e-3c4a92e57a48,DTC_Subscriber_Vehicles_Scrub,HIGH_VOLUME,REVIEW,True,13076208,2013-08-01,
df3a197d-a946-ee11-ba57-d4f5ef3de4c9,DTC_TY_Catchup_0829,HIGH_VOLUME,REVIEW,True,132948,2023-08-29,
4a097449-d231-e811-9733-38eaa7150229,DTC_Top_1MM,HIGH_VOLUME,REVIEW,True,1000000,2018-03-27,
2682b6af-93f0-e111-8f65-3c4a92f8dd8c,DTC_customer_vehicle_id_backfill,HIGH_VOLUME,REVIEW,False,5810603,2012-08-29,
25fa058f-6f2a-e911-a2c8-48df3709f175,DTC_subscriber_stores_BU,HIGH_VOLUME,REVIEW,True,30509431,2019-02-06,
878301fb-c685-e611-b60f-38eaa7158a0d,DTD-tmpClickDE,HIGH_VOLUME,REVIEW,False,240434,2016-09-28,
63870113-c785-e611-b60f-38eaa7158a0d,DTD-tmpOpenDE,HIGH_VOLUME,REVIEW,False,159134,2016-09-28,
4fbd54e2-fc3f-e311-abbe-3c4a92e57a48,DTD_Customer_Activity_Log2,HIGH_VOLUME,REVIEW,False,3299743,2013-10-28,
eb6a2c68-0704-e311-acaf-3c4a92f9105c,DTD_Shared_CustomerNo,HIGH_VOLUME,REVIEW,False,461902,2013-08-13,
1041a3ba-cdfa-e211-acaf-3c4a92f9105c,DTD_Subscriber_List,HIGH_VOLUME,REVIEW,False,1514462,2013-08-01,
b717c3f0-3045-ef11-ba57-d4f5ef3de4e6,DT_AT_Tire_Last_Purchase_Refresh,HIGH_VOLUME,REVIEW,False,8704431,2024-07-18,
6559ff79-ef9d-e211-8b8e-3c4a92e57a48,ENT_SendLog,HIGH_VOLUME,REVIEW,False,1396076502,2024-12-17,
0d5a0857-f955-f011-a5ae-5cba2c7d39f0,ENT_SendLog_AbandonedCart,HIGH_VOLUME,REVIEW,False,1545937,2025-06-30,
2d5f2fa7-7f56-f011-a5ae-5cba2c7d39f0,ENT_SendLog_AbandonedCart_Touch1,HIGH_VOLUME,REVIEW,False,587935,2025-07-01,
6766e4c4-9356-f011-a5ae-5cba2c7d39f0,ENT_SendLog_AbandonedCart_Touch2,HIGH_VOLUME,REVIEW,False,496405,2025-07-01,
a9441801-9456-f011-a5ae-5cba2c7d39f0,ENT_SendLog_AbandonedCart_Touch3,HIGH_VOLUME,REVIEW,False,467487,2025-07-01,
c39ee630-fd55-f011-a5ae-5cba2c7d39f0,ENT_SendLog_AbandonedCartx,HIGH_VOLUME,REVIEW,False,1551694,2025-06-30,
43f2356c-719d-e211-8b8e-3c4a92e57a48,ET_Bounces,HIGH_VOLUME,REVIEW,False,1149814,2013-04-04,
c11a69a4-33a8-e211-8b8e-3c4a92e57a48,ET_Bounces_Remove,HIGH_VOLUME,REVIEW,False,1291537,2013-04-18,
6a592dff-d79b-e211-8b8e-3c4a92e57a48,ET_Hard_Bounces,HIGH_VOLUME,REVIEW,False,786133,2013-04-02,
736c6004-56a1-e611-b60f-38eaa7158a0d,Email Mismatch Between All Subs and Sub Vehicles,HIGH_VOLUME,REVIEW,False,1088176,2016-11-03,
a736fef8-f31a-e711-9dde-38eaa7158951,Ent_SendLog_12Months_Last_Send_Air_Rotation_Reminders,HIGH_VOLUME,REVIEW,False,23449038,2017-04-06,
3fc402c2-451f-ee11-ba4a-d4f5ef3de438,Filter_BOPIS_Order_Arrival,HIGH_VOLUME,REVIEW,True,178086,2023-07-10,
2724e70c-4653-ee11-ba57-d4f5ef3de4c9,Filter_OMS_BOPIS_Order_Arrival_PROD,HIGH_VOLUME,REVIEW,True,2558945,2023-09-14,
4ffe8cbf-7d43-ee11-ba57-d4f5ef3de4c9,GdySweepsDT send,HIGH_VOLUME,REVIEW,True,5790674,2023-08-25,
d6ca3d4a-9d56-f011-a5ae-5cba2c7d39f0,Goodyear Nascar July25 VEHICLES,HIGH_VOLUME,REVIEW,True,3520022,2025-07-01,
f15de2e0-9e74-ec11-ba2a-d4f5ef3de497,Greeter Survey DT 12-2021,HIGH_VOLUME,REVIEW,True,869174,2022-01-13,
dc3def62-d135-ec11-a304-48df3709f175,Greeter Survey DT Q3-2021,HIGH_VOLUME,REVIEW,True,825114,2021-10-25,
60f13c19-07e0-eb11-a307-1402ec7a5ea4,Greeting Survey DT,HIGH_VOLUME,REVIEW,True,755961,2021-07-08,
172771ab-65c4-ee11-ba52-d4f5ef3de439,HISTORICAL_5Year_LastClick,HIGH_VOLUME,REVIEW,False,6619915,2024-02-05,
88eb110b-aeac-e911-a2d1-48df3709f175,J4-DTC-ATC-2019-Qualifying-Purchases_Part2,HIGH_VOLUME,REVIEW,True,102602,2019-07-22,
62cf9050-a808-ef11-ba52-d4f5ef3de439,LAST 4 YEARS -- DT_AT_Transaction_Log,HIGH_VOLUME,REVIEW,False,25665015,2024-05-02,
5409c966-bdba-e811-a2c3-48df370a0a45,LD-DTC-ATC-2018-Qualifying-Purchases,HIGH_VOLUME,REVIEW,True,116941,2018-09-17,
01c5c1a1-4fd6-e911-a2d4-1402ec936991,LD-DTC-ATC-2019-Qualifying-Purchases,HIGH_VOLUME,REVIEW,True,111020,2019-09-13,
77634cd1-c54f-e711-9dde-38eaa7158951,MD-DTC-ATC-2017-Qualifying-Purchases,HIGH_VOLUME,REVIEW,True,112679,2017-06-12,
706a0b78-868c-e911-a2d4-1402ec7a5ea5,MD-DTC-ATC-2019-Qualifying-Purchases,HIGH_VOLUME,REVIEW,True,127033,2019-06-11,
985278a3-336b-e811-b0f1-38eaa7158951,MD-tmpClickDE_old,HIGH_VOLUME,REVIEW,False,188648,2018-06-08,
e5a38294-7fa7-e611-b60f-38eaa7158a0d,MD-tmpOpenDE,HIGH_VOLUME,REVIEW,False,1337761,2016-11-10,
dc749cb5-336b-e811-b0f1-38eaa7158951,MD-tmpOpenDE_old,HIGH_VOLUME,REVIEW,False,1254759,2018-06-08,
5b766d4b-ad13-ef11-ba57-d4f5ef3de4e6,MLS Chicago Fire FC,HIGH_VOLUME,REVIEW,True,401135,2024-05-16,
8fe321aa-4a19-ef11-ba57-d4f5ef3de4e6,MLS Chicago Fire FC TransLog,HIGH_VOLUME,REVIEW,True,231377,2024-05-23,
30728cc1-9e17-ef11-ba57-d4f5ef3de4e6,MLS ILC rk test translog,HIGH_VOLUME,REVIEW,False,184570,2024-05-21,
29ac9a87-ad13-ef11-ba57-d4f5ef3de4e6,MLS Nashville SC,HIGH_VOLUME,REVIEW,True,294769,2024-05-16,
004edb73-4a19-ef11-ba57-d4f5ef3de4e6,MLS Nashville SC TransLog,HIGH_VOLUME,REVIEW,True,131006,2024-05-23,
671d9875-ad13-ef11-ba57-d4f5ef3de4e6,MLS Portland Timbers,HIGH_VOLUME,REVIEW,True,212547,2024-05-16,
0be58bb1-ad13-ef11-ba57-d4f5ef3de4e6,MLS Seattle Sounders,HIGH_VOLUME,REVIEW,True,338197,2024-05-16,
04f87861-4a19-ef11-ba57-d4f5ef3de4e6,MLS Seattle Sounders TransLog,HIGH_VOLUME,REVIEW,True,143599,2024-05-23,
43f533a6-5102-ef11-ba52-d4f5ef3de439,MLS Send,HIGH_VOLUME,REVIEW,True,2489525,2024-04-24,
aeed207e-9fc1-ec11-ba31-d4f5ef3de4e6,MobileAppFeedback 20220425,HIGH_VOLUME,REVIEW,True,560983,2022-04-21,
544a4caf-f89d-eb11-a2fe-1402ec7a5ea5,Non Numeric and non DTD Sub Keys,HIGH_VOLUME,REVIEW,False,7103187,2021-04-15,
f6126d54-7832-e311-abbe-3c4a92e57a48,Opens,HIGH_VOLUME,REVIEW,False,208714586,2013-10-11,
04ea5422-5da7-e611-b60f-38eaa7158a0d,PD-tmpOpenDE,HIGH_VOLUME,REVIEW,False,329186,2019-03-11,
9e1e15c1-6c05-ee11-ba4a-d4f5ef3de4e7,Product_Review_Send_AW_060723,HIGH_VOLUME,REVIEW,True,436482,2023-06-07,
ad53e948-0506-ee11-ba4a-d4f5ef3de4e7,Product_Review_Send_AW_060723_FINAL_DT_SENDABLE,HIGH_VOLUME,REVIEW,True,244423,2023-06-08,
d3c7a312-2467-f011-a5ae-5cba2c7d39f0,Promo_Subscriber_All,HIGH_VOLUME,REVIEW,True,10490150,2025-07-22,
6772dee8-ac3d-ec11-ba2a-d4f5ef3de4c9,QA Held Emails on TSMS List 11-4-2021 - BU,HIGH_VOLUME,REVIEW,False,186334,2021-11-04,
682da155-4bcc-ee11-ba52-d4f5ef3de439,QA_Activity_Log_Products_All_Brands,HIGH_VOLUME,REVIEW,False,3065847,2024-02-15,
07a68aa6-50cc-ee11-ba52-d4f5ef3de439,QA_Activity_Log_Products_All_Brands_Left,HIGH_VOLUME,REVIEW,False,7795187,2024-02-15,
a430f2fe-949b-e111-8059-3c4a92f9105c,SMSSendTrackingLog,HIGH_VOLUME,REVIEW,False,3117245,2012-05-11,
9988e5fa-ef9d-e211-8b8e-3c4a92e57a48,SendLog_Backup,HIGH_VOLUME,REVIEW,False,3523751,2013-04-05,
28bbd495-7732-e311-abbe-3c4a92e57a48,Sent,HIGH_VOLUME,REVIEW,False,585300288,2013-10-11,
6c8f924f-989c-eb11-a2fe-1402ec7a5ea5,SpecialOrderSurveyFebPhone,HIGH_VOLUME,REVIEW,True,168432,2021-04-13,
3fd89a43-989c-eb11-a2fe-1402ec7a5ea5,SpecialOrderSurveyMarStore,HIGH_VOLUME,REVIEW,True,177937,2021-04-13,
4296b01a-e745-ee11-ba57-d4f5ef3de4c9,Stage_DTC_General_Thank_You_Send_Catchup,HIGH_VOLUME,REVIEW,False,212430,2023-08-28,
37175435-e1c8-e411-b2ff-38eaa7158951,Subscriber Status,HIGH_VOLUME,REVIEW,False,4367972,2015-03-12,
ec8b7c3a-cae8-e611-b60f-38eaa7158a0d,Subscriber_Last_Visited_Store,HIGH_VOLUME,REVIEW,True,15708935,2017-02-01,
711ef811-6057-f011-a5ae-5cba2c7d39f0,Suburban Hub stores Vehicles,HIGH_VOLUME,REVIEW,True,163057,2025-07-02,
33d9cdf1-a2fe-ef11-ba73-d4f5ef3de4c9,Survey rNPS Active AT,HIGH_VOLUME,REVIEW,True,1622612,2025-03-11,
d945c7b8-1d31-e811-9733-38eaa7150229,Test_Engaged Subs 18 Months,HIGH_VOLUME,REVIEW,False,8171335,2018-03-26,
57ba0914-d8f4-ed11-ba4a-d4f5ef3de4e7,TireReview6,HIGH_VOLUME,REVIEW,True,201395,2023-05-23,
7e3b5ca9-a060-ef11-ba57-d4f5ef3de4e6,Transaction Log RK,HIGH_VOLUME,REVIEW,True,573959,2024-08-22,
2df15ac9-2f40-ed11-ba3f-d4f5ef3de4c9,TreadwellStopping Survey,HIGH_VOLUME,REVIEW,True,836893,2022-09-29,
a33f14a5-ff3b-eb11-a2f6-1402ec7a5ea5,Triggered Send Records not on All Subs,HIGH_VOLUME,REVIEW,False,1607973,2020-12-11,
3e97ce67-3ae5-ed11-ba4a-d4f5ef3de4e7,Triggered_Send_Managed_List__DTCDevTesting_1378142,HIGH_VOLUME,REVIEW,True,16289962,2023-04-27,
942bcdc1-15dc-e611-b60f-38eaa7158a0d,Unique Emails Not Unsubscribed,HIGH_VOLUME,REVIEW,False,19240431,2017-01-16,
492b136e-19dc-e611-b60f-38eaa7158a0d,Unique Emails Unsubscribed,HIGH_VOLUME,REVIEW,False,17875147,2017-01-16,
79f37ecd-9458-e811-ad75-38eaa7158569,Unique Emails from All Subs status Active,HIGH_VOLUME,REVIEW,False,18737430,2018-05-15,
d583517b-7632-e311-abbe-3c4a92e57a48,Unsubs,HIGH_VOLUME,REVIEW,False,496640,2013-10-11,
2711c001-ec93-f011-a5ad-5cba2c7c7ee0,Update_Mobile_Phone_Deduped,HIGH_VOLUME,REVIEW,False,19459952,2025-09-17,
a49f2207-c358-e511-93b1-38eaa7150229,VehicleReady_Notification_shared,HIGH_VOLUME,REVIEW,True,850777,2015-09-11,
8a56a3d3-c518-e811-95e9-38eaa7158569,Wheel_Purchased_Within_Year,HIGH_VOLUME,REVIEW,True,433126,2018-02-23,
cd2b1f55-e07d-f011-a5ad-5cba2c7c7ee0,Winter Changeover CO,HIGH_VOLUME,REVIEW,True,1012684,2025-08-20,
1e95c080-0585-f011-a5ad-5cba2c7c7ee0,Winter Changeover ILC,HIGH_VOLUME,REVIEW,True,512336,2025-08-29,
81a13959-0685-f011-a5ad-5cba2c7c7ee0,Winter Changeover ILC - 20250905,HIGH_VOLUME,REVIEW,True,718632,2025-08-29,
2c7552f3-a532-e811-9733-38eaa7150229,Yahoo_Reengage_Suppression,HIGH_VOLUME,REVIEW,True,3189224,2018-03-28,
53bf9df9-8bcd-ed11-ba42-d4f5ef3de438,Zeta Last 6 Years 1,HIGH_VOLUME,REVIEW,True,7875455,2023-08-11,
3a9cb5a4-c7cc-ed11-ba42-d4f5ef3de438,Zeta Last 7 days,HIGH_VOLUME,REVIEW,True,372732,2023-03-27,
e8be8519-dbfb-ed11-ba4a-d4f5ef3de4e7,memorialday_send_control,HIGH_VOLUME,REVIEW,True,10578283,2023-05-26,
2b4a2286-dbfb-ed11-ba4a-d4f5ef3de4e7,memorialday_send_test,HIGH_VOLUME,REVIEW,True,4533550,2023-05-26,
1003ebb6-e953-ee11-ba57-d4f5ef3de4c9,new_template_sends_0915,HIGH_VOLUME,REVIEW,True,1768991,2023-09-15,
e085116f-e953-ee11-ba57-d4f5ef3de4c9,old_template_sends_0915,HIGH_VOLUME,REVIEW,True,1743129,2023-09-15,
414e632a-4807-e211-8f65-3c4a92f8dd8c,subscriber_bounces,HIGH_VOLUME,REVIEW,False,3509778,2012-09-25,
1a6dd352-717f-e611-b60f-38eaa7158a0d,tmpClickDE,HIGH_VOLUME,REVIEW,False,166029,2016-09-20,
2aeb6b62-747f-e611-b60f-38eaa7158a0d,tmpOpenDE,HIGH_VOLUME,REVIEW,False,1102176,2016-09-20,
fb78a714-4487-e611-b60f-38eaa7158a0d,tmpOpenDE-2015,HIGH_VOLUME,REVIEW,False,1282453,2016-09-30,
e2ebb7a4-c51d-ed11-ba3f-d4f5ef3de4c9,transactions with no email,HIGH_VOLUME,REVIEW,False,168229,2022-08-16,
9da324ed-8e11-f011-ba73-d4f5ef3de4c9,04042025 - DTC_Subscriber_Vehicles,OTHER,REVIEW,True,0,2025-04-04,
b5c4f230-971b-f011-ba73-d4f5ef3de4c9,0416 - ATC_General_Thank_You_Send_v2,OTHER,REVIEW,True,4234,2025-04-17,
77574cfa-fe4a-f011-a5ae-5cba2c7d39f0,06132025 Filtered -- DT_AT_Transaction_log - contains comma,OTHER,REVIEW,True,60539,2025-06-16,
62ad0e76-604d-f011-a5ae-5cba2c7d39f0,ATC_Air_Pressure_Reminder_Send - DEDUPED,OTHER,REVIEW,True,74796,2025-06-19,
9d897b5e-5a4d-f011-a5ae-5cba2c7d39f0,ATC_Air_Pressure_Reminder_Send - EXCLUSION,OTHER,REVIEW,True,40922,2025-06-19,
dd203b44-4951-f011-a5ae-5cba2c7d39f0,ATC_General_Thank_You_Send_v2 - HOLDING,OTHER,REVIEW,True,3313,2025-06-24,
dd660d7a-c9ef-ef11-ba73-d4f5ef3de4c9,ATC_General_Thank_You_Send_v2_Vision_Output,OTHER,REVIEW,True,0,2025-02-20,
1347d4e6-8322-ef11-ba57-d4f5ef3de4e6,ATC_web_signups,OTHER,REVIEW,False,6597,2025-04-08,
59c7db7e-550a-f011-ba73-d4f5ef3de4c9,AT_Log_Inactive_Customers_2_4 Send_V2,OTHER,REVIEW,True,0,2025-03-26,
41ec5943-9f56-f011-a5ae-5cba2c7d39f0,AbandonCart_does_not_contain_AT,OTHER,REVIEW,True,0,2025-07-01,
66f67cd6-8647-f011-a5ae-5cba2c7d39f0,All Mobile Contacts AW 2,OTHER,REVIEW,True,0,2025-11-18,
1038a43b-36bb-f011-a5ad-5cba2c7c7ee0,All Mobile Contacts AW 3,OTHER,REVIEW,True,0,2025-11-06,
6c16085f-812b-f011-ba73-d4f5ef3de4c9,Clone_DTC_Promo,OTHER,REVIEW,True,1,2025-05-07,
6f75579a-7f2b-f011-ba73-d4f5ef3de4c9,DEV_DTC_Sponsor_Audience,OTHER,REVIEW,True,1,2025-05-07,
e9dabb50-4951-f011-a5ae-5cba2c7d39f0,DTC_General_Thank_You_Send_v2 - HOLDING,OTHER,REVIEW,True,31968,2025-06-24,
82c3ede9-826d-f011-a5ae-5cba2c7d39f0,DTC_General_Thank_You_Send_v2 HOLDING,OTHER,REVIEW,True,11,2025-07-30,
43e65122-3542-f011-a5ae-5cba2c7d39f0,DTC_Promo_Subscriber - salesforce domains,OTHER,REVIEW,True,22,2025-06-05,
11ac280d-f5e4-f011-a5ad-5cba2c7c7ee0,DTC_Promo_Subscriber_Checker,OTHER,REVIEW,True,1,2025-12-29,
ac9cec6d-cfa9-f011-a5ad-5cba2c7c7ee0,DTC_Promo_Subscriber_ILC,OTHER,REVIEW,True,84395,2025-10-15,
bca6abc4-9c26-f011-ba73-d4f5ef3de4c9,DTC_Sponsor_Subscriptions,OTHER,REVIEW,True,3195,2025-05-01,
0f858fea-5e24-f011-ba73-d4f5ef3de4c9,DTC_Sponsor_Upload,OTHER,REVIEW,False,399,2025-05-19,
4a3142e5-5478-f011-a5ad-5cba2c7c7ee0,DT_AT_Purchase_2_Year,OTHER,REVIEW,True,0,2025-08-13,
7c7037f6-d5ef-f011-a5ad-5cba2c7c7ee0,DT_AT_Transaction_Log - FILTER,OTHER,REVIEW,True,0,2026-01-12,
63aa8358-8d57-f011-a5ae-5cba2c7d39f0,DT_ThankYou_ErrorLogging,OTHER,REVIEW,False,53490,2025-07-17,
6c619e40-8457-f011-a5ae-5cba2c7d39f0,DT_Thank_You_SMS_Click_Tracking,OTHER,REVIEW,False,53487,2025-07-24,
fd0b3da9-1f6f-f011-a5ae-5cba2c7d39f0,DT_Thank_You_SMS_Click_Tracking - filtered,OTHER,REVIEW,False,2,2025-08-01,
cacab5e2-2858-f011-a5ae-5cba2c7d39f0,DT_Thank_You_SMS_Sends,OTHER,REVIEW,False,76508,2025-07-28,
2f83b938-d884-f011-a5ad-5cba2c7c7ee0,DataExtensionRefresh,OTHER,REVIEW,False,4,2025-08-29,
5160cf31-9dda-f011-a5ad-5cba2c7c7ee0,Digital Receipts Not Sent Report - DISTRO,OTHER,REVIEW,True,4,2025-12-16,
b37d11d5-beec-f011-a5ad-5cba2c7c7ee0,DigitalReciepts_InteractiveSurvey,OTHER,REVIEW,False,0,2026-01-08,
d93f428b-4c5b-f011-a5ae-5cba2c7d39f0,Engagement_by_Last_Service_Date,OTHER,REVIEW,False,46,2025-07-07,
3ffc909e-6ff1-f011-a5ad-5cba2c7c7ee0,FILTER-AT-Quote to BOPIS,OTHER,REVIEW,True,0,2026-01-14,
0d6082cd-ffdc-f011-a5ad-5cba2c7c7ee0,FILTER-DTC_Promo_Subscriber,OTHER,REVIEW,True,139,2025-12-19,
362b6beb-ffdc-f011-a5ad-5cba2c7c7ee0,FILTER-Promo_AbandonCart_Staging,OTHER,REVIEW,True,2,2025-12-19,
cb1ca826-6ff1-f011-a5ad-5cba2c7c7ee0,FILTER-Quote to BOPIS,OTHER,REVIEW,True,0,2026-01-14,
f35f4a3f-29eb-f011-a5ad-5cba2c7c7ee0,FILTER_DTC-DEV_VTV_AirCheck_DE,OTHER,REVIEW,True,14,2026-01-06,
fa25794f-c7ae-f011-a5ad-5cba2c7c7ee0,FILTER_DTC_VTV_AirCheck_DE,OTHER,REVIEW,True,12,2025-11-21,
b8b77964-3d84-f011-a5ad-5cba2c7c7ee0,FILTER_E2E_OrderDeliveredStore_DT Prod,OTHER,REVIEW,True,3,2025-08-28,
8b106ec4-d0c0-f011-a5ad-5cba2c7c7ee0,FILTER_VTV_AirCheck_DE-DUALLYs,OTHER,REVIEW,True,348,2025-11-13,
ef6c1ddc-fc3b-f011-a5ae-5cba2c7d39f0,FILTER_email_tracking,OTHER,REVIEW,False,119,2025-05-28,
a76b30f9-9609-f011-ba73-d4f5ef3de4c9,GAA 43 PitPass Thank You,OTHER,REVIEW,True,31,2025-03-25,
a6ca9c14-6235-ef11-ba57-d4f5ef3de4e6,ManualMonitoring_Alerts,OTHER,REVIEW,False,1,2025-09-12,
37cca4b9-0a90-f011-a5ad-5cba2c7c7ee0,ManualMonitoring_Alerts_SFMC,OTHER,REVIEW,False,0,2025-09-12,
e464a082-d2f7-f011-a5ad-5cba2c7c7ee0,Master Store List - 1045 - temporary delete later,OTHER,REVIEW,False,1,2026-01-22,
cd015d41-9ba3-f011-a5ad-5cba2c7c7ee0,Michelin CC2 transactions,OTHER,REVIEW,True,724,2025-10-07,
876e7906-2aa9-f011-a5ad-5cba2c7c7ee0,NULL_Sponsor_Upload,OTHER,REVIEW,False,0,2025-10-14,
3e682fd3-aaae-f011-a5ad-5cba2c7c7ee0,NotSent Extract - Digital Receipts - DT and AT,OTHER,REVIEW,False,0,2025-12-10,
90e68623-4ea8-f011-a5ad-5cba2c7c7ee0,PORTLAND_TIMBERS,OTHER,REVIEW,False,638,2025-10-13,
dd28930a-1fd2-f011-a5ad-5cba2c7c7ee0,PROOFS-DigitalReceipt,OTHER,REVIEW,True,14,2025-12-05,
04db068e-ecea-ef11-ba73-d4f5ef3de4c9,Promo Subset,OTHER,REVIEW,True,35103,2025-02-14,
52614682-551a-f011-ba73-d4f5ef3de4c9,STAGING - ATC_General_Thank_You_Send_v2,OTHER,REVIEW,True,20936,2025-04-15,
dbc34037-331a-f011-ba73-d4f5ef3de4c9,STAGING - DTC_General_Thank_You_Send_v2,OTHER,REVIEW,True,50260,2025-04-15,
4dc203f5-06d6-f011-a5ad-5cba2c7c7ee0,SendJobs Extract - DT and AT,OTHER,REVIEW,False,617,2025-12-10,
44ad9844-bac7-f011-a5ad-5cba2c7c7ee0,Store_SMS_ApptConfirm_DTC,OTHER,REVIEW,False,0,2025-11-22,
29b650d3-d8ee-ef11-ba73-d4f5ef3de4c9,Subscriber_Vehicles RK,OTHER,REVIEW,True,7,2025-02-19,
f50627f8-8eb9-f011-a5ad-5cba2c7c7ee0,Suburban Hub stores_new,OTHER,REVIEW,True,0,2025-11-04,
f185d911-a6fe-ef11-ba73-d4f5ef3de4c9,Survey rNPS Active AT Send,OTHER,REVIEW,True,20000,2025-03-11,
688c92ce-602b-f011-ba73-d4f5ef3de4c9,Thank You History April 2025 DT,OTHER,REVIEW,True,0,2025-05-07,
123f07fa-1e30-f011-ba73-d4f5ef3de4c9,Thank You History DT RK,OTHER,REVIEW,True,94,2025-05-13,
9ee48ce5-87c5-f011-a5ad-5cba2c7c7ee0,Tire Product List RK,OTHER,REVIEW,False,0,2025-11-19,
998c88ff-f6e4-f011-a5ad-5cba2c7c7ee0,a9122871388,OTHER,REVIEW,True,1,2025-12-29,
7cdd2c2b-90d7-f011-a5ad-5cba2c7c7ee0,dev_atc_web_signups,OTHER,REVIEW,False,0,2025-12-12,
af9d3e43-90d7-f011-a5ad-5cba2c7c7ee0,dev_dtc_web_signups,OTHER,REVIEW,False,1,2025-12-12,
50a06c85-4e43-ee11-ba57-d4f5ef3de4c9,dtc_web_signups,OTHER,REVIEW,False,43254,2025-04-08,
